Player,Tm,Tm_name,Opp,Opp_name,points_rolling_avg,assists_rolling_avg,rebounds_rolling_avg,points_last_game,assists_last_game,rebounds_last_game,Home,Tm,Opp,rest_days,opp_avg_PTS_allowed,opp_avg_TRB_allowed,opp_avg_AST_allowed,matchup_pts,matchup_reb,matchup_ast
A.J. Green,16,MIL,0,ATL,6.0,1.2,2.4,8.0,1.0,2.0,1,16,0,2.0,11.310786106032907,4.255941499085923,2.7239488117001827,9.0,1.0,1.0
A.J. Lawson,27,TOR,21,ORL,2.75,0.0,0.75,0.0,0.0,1.0,1,27,21,21.0,9.648275862068965,3.7982758620689654,2.0913793103448275,2.75,0.75,0.0
AJ Johnson,29,WAS,5,CLE,3.6,1.4,1.4,13.0,4.0,4.0,1,29,5,4.0,10.353463587921848,4.017761989342806,2.3658969804618115,2.4444444444444446,1.0,1.2222222222222223
Aaron Gordon,7,DEN,21,ORL,9.0,4.4,3.6,7.0,12.0,4.0,1,7,21,1.0,4.4,3.2,0.4,9.0,4.0,0.0
Aaron Holiday,10,HOU,2,BRK,6.2,1.2,1.2,15.0,0.0,2.0,1,10,2,1.0,8.6,2.4,1.0,3.0,0.0,1.0
Aaron Nesmith,11,IND,12,LAC,8.0,1.8,3.4,5.0,2.0,0.0,1,11,12,2.0,10.2,2.8,2.4,8.2,3.3333333333333335,1.2666666666666666
Aaron Wiggins,20,OKC,27,TOR,15.4,1.8,4.8,17.0,1.0,6.0,1,20,27,2.0,7.4,3.6,2.6,12.0,3.0,2.0
Adam Flagler,20,OKC,27,TOR,1.8,0.0,0.4,7.0,0.0,0.0,1,20,27,2.0,9.8,3.6,2.6,0.0,1.0,0.0
Adama Sanogo,3,CHI,4,CHO,2.0,0.25,1.5,2.0,0.0,1.0,1,3,4,32.0,8.8,3.2,0.8,2.0,1.5,0.25
Adem Bona,22,PHI,8,DET,4.4,0.4,3.8,11.0,0.0,5.0,1,22,8,2.0,4.0,2.2,0.4,4.0,5.0,0.0
Ajay Mitchell,20,OKC,19,NYK,10.0,2.0,2.4,11.0,3.0,2.0,1,20,19,1.0,6.6,3.6,0.6,6.428571428571429,1.9714285714285715,1.6857142857142857
Al Horford,1,BOS,6,DAL,5.4,1.0,5.2,13.0,2.0,10.0,1,1,6,2.0,2.2,1.8,1.2,4.0,6.0,1.0
Alec Burks,15,MIA,3,CHI,2.8,1.0,1.8,0.0,0.0,0.0,1,15,3,14.0,4.0,4.2,1.8,5.730769230769231,2.076923076923077,1.0769230769230769
Alex Caruso,20,OKC,27,TOR,4.6,2.8,2.2,5.0,2.0,1.0,1,20,27,2.0,4.8,3.0,1.8,8.0,4.0,2.0
Alex Ducas,20,OKC,27,TOR,3.4,0.0,2.2,0.0,0.0,2.0,1,20,27,2.0,7.2,3.0,1.8,1.5384615384615385,1.0,0.07692307692307693
Alex Len,25,SAC,21,ORL,0.8,0.8,1.4,0.0,1.0,0.0,1,25,21,7.0,9.0,3.6,2.0,1.4444444444444444,1.7777777777777777,0.8333333333333334
Alex Reese,20,OKC,0,ATL,0.0,0.4,0.6,0.0,0.0,0.0,1,20,0,3.0,4.4,2.0,1.0,2.0,1.0,0.0
Alex Sarr,29,WAS,6,DAL,10.4,2.0,7.6,11.0,3.0,6.0,1,29,6,2.0,7.0,5.2,2.2,11.0,8.0,0.0
Alondes Williams,8,DET,21,ORL,9.0,1.8,6.2,0.0,0.0,0.0,1,8,21,3.0,8.4,2.4,2.0,5.0,0.0,1.0
Alperen Sengun,10,HOU,13,LAL,20.6,4.0,11.2,14.0,3.0,7.0,1,10,13,2.0,3.2,1.8,1.0,18.771428571428572,10.457142857142857,5.0
Alperen Şengün,10,HOU,17,MIN,19.4,4.4,11.6,24.0,4.0,20.0,1,10,17,2.0,15.0,5.4,3.6,20.23076923076923,10.923076923076923,5.153846153846154
Amen Thompson,10,HOU,17,MIN,14.4,6.6,7.8,7.0,8.0,6.0,1,10,17,2.0,22.2,10.2,4.0,20.0,11.0,1.0
Amir Coffey,12,LAC,11,IND,6.4,1.0,1.2,8.0,0.0,0.0,1,12,11,2.0,12.4,6.8,1.6,10.2,2.42,1.12
Andre Drummond,22,PHI,8,DET,6.8,1.0,4.8,8.0,2.0,5.0,1,22,8,17.0,9.8,6.6,2.6,4.0,3.0,0.0
Andre Jackson,16,MIL,3,CHI,3.8,2.0,4.0,8.0,2.0,3.0,1,16,3,2.0,6.4,6.2,1.8,4.0,5.0,1.0
Andre Jackson Jr.,16,MIL,0,ATL,6.6,1.8,4.0,2.0,1.0,1.0,1,16,0,2.0,10.6,5.4,2.2,4.368421052631579,3.4210526315789473,1.4210526315789473
Andrew Nembhard,11,IND,12,LAC,13.8,6.4,4.4,17.0,2.0,6.0,1,11,12,2.0,10.6,6.0,2.0,10.852941176470589,3.4411764705882355,5.088235294117647
Andrew Wiggins,9,GSW,21,ORL,20.0,3.0,5.4,17.0,6.0,8.0,1,9,21,3.0,4.6,3.0,3.0,17.558139534883722,4.5813953488372094,2.3488372093023258
Anfernee Simons,24,POR,25,SAC,16.8,6.8,2.8,22.0,7.0,3.0,1,24,25,2.0,17.6,3.4,4.0,21.0,5.0,9.0
Anthony Black,21,ORL,7,DEN,6.6,2.2,1.8,15.0,3.0,1.0,1,21,7,1.0,13.8,2.0,4.4,14.0,1.0,5.0
Anthony Davis,13,LAL,22,PHI,29.4,3.2,14.0,42.0,2.0,23.0,1,13,22,1.0,12.4,4.6,3.0,31.0,9.0,1.0
Anthony Edwards,17,MIN,10,HOU,32.4,5.4,6.6,49.0,3.0,9.0,1,17,10,1.0,24.2,7.2,2.6,24.0,5.0,3.0
Anthony Gill,29,WAS,5,CLE,0.8,0.0,0.2,0.0,0.0,0.0,1,29,5,2.0,16.4,6.4,2.2,0.0,1.0,0.0
Antonio Reeves,18,NOP,7,DEN,3.8,0.8,0.2,3.0,0.0,0.0,1,18,7,2.0,17.0,3.8,3.2,3.0,0.0,0.0
Ariel Hukporti,19,NYK,27,TOR,0.8,0.0,1.2,0.0,0.0,2.0,1,19,27,1.0,15.6,2.8,1.8,1.7894736842105263,1.8421052631578947,0.42105263157894735
Armel Traoré,13,LAL,12,LAC,2.0,0.2,2.4,2.0,0.0,0.0,1,13,12,58.0,15.6,3.8,3.4,1.5555555555555556,1.6666666666666667,0.1111111111111111
Ausar Thompson,8,DET,22,PHI,9.8,2.2,5.2,12.0,3.0,8.0,1,8,22,2.0,12.2,4.2,1.6,9.0,2.0,1.0
Austin Reaves,13,LAL,9,GSW,18.8,6.8,5.6,20.0,9.0,6.0,1,13,9,2.0,10.4,3.8,4.2,16.0,5.0,7.0
Ayo Dosunmu,3,CHI,17,MIN,14.0,5.6,3.0,21.0,9.0,2.0,1,3,17,1.0,11.4,6.2,2.6,13.0,3.0,2.0
Bam Adebayo,15,MIA,2,BRK,23.6,5.8,10.4,18.0,4.0,13.0,1,15,2,2.0,20.8,7.0,4.6,17.0,16.0,4.0
Baylor Scheierman,1,BOS,13,LAL,1.0,0.6,1.8,0.0,0.0,0.0,1,1,13,1.0,6.8,4.0,2.4,1.0,1.4444444444444444,0.4444444444444444
Ben Sheppard,11,IND,12,LAC,6.4,3.0,3.2,9.0,2.0,4.0,1,11,12,2.0,7.2,2.2,2.6,5.777777777777778,2.5555555555555554,1.2777777777777777
Ben Simmons,2,BRK,29,WAS,7.4,7.4,5.4,2.0,4.0,5.0,1,2,29,4.0,16.2,5.2,3.6,6.181818181818182,5.212121212121212,6.9393939393939394
Bennedict Mathurin,11,IND,12,LAC,15.0,0.6,3.2,12.0,2.0,7.0,1,11,12,2.0,9.2,2.2,2.6,16.354166666666668,5.75,1.8541666666666667
Bilal Coulibaly,29,WAS,5,CLE,13.0,4.0,4.8,11.0,11.0,10.0,1,29,5,2.0,17.4,5.2,3.0,27.0,6.0,5.0
Blake Wesley,26,SAS,14,MEM,0.8,2.0,0.2,2.0,3.0,0.0,1,26,14,3.0,9.6,4.2,4.0,0.0,0.0,2.0
Bobby Portis,16,MIL,0,ATL,14.8,2.2,9.4,23.0,5.0,17.0,1,16,0,2.0,13.8,6.8,2.8,10.0,9.0,2.0
Bobi Klintman,8,DET,6,DAL,0.0,0.3333333333333333,0.6666666666666666,0.0,1.0,0.0,1,8,6,2.0,9.6,3.2,3.0,0.0,0.6666666666666666,0.3333333333333333
Bogdan Bogdanović,0,ATL,27,TOR,7.2,0.8,2.2,23.0,0.0,3.0,1,0,27,2.0,16.6,5.2,0.8,23.0,3.0,0.0
Bol Bol,23,PHO,28,UTA,2.6,0.6,1.6,3.0,1.0,1.0,1,23,28,2.0,9.4,2.4,1.8,3.7333333333333334,1.6,0.3333333333333333
Bones Hyland,12,LAC,13,LAL,5.0,2.0,1.8,8.0,2.0,2.0,1,12,13,13.0,5.0,1.8,1.2,7.2,1.2,1.4
Bradley Beal,23,PHO,20,OKC,17.0,3.6,2.4,25.0,3.0,5.0,1,23,20,2.0,3.6,2.6,1.4,17.35135135135135,3.3783783783783785,3.4324324324324325
Branden Carlson,20,OKC,27,TOR,6.2,0.6,2.6,3.0,0.0,0.0,1,20,27,15.0,12.4,4.8,1.4,0.0,2.0,2.0
Brandin Podziemski,9,GSW,13,LAL,16.4,3.6,5.0,29.0,4.0,6.0,1,9,13,1.0,12.2,2.2,2.4,17.0,3.0,5.0
Brandon Boston,18,NOP,14,MEM,11.8,1.2,2.8,17.0,1.0,6.0,1,18,14,1.0,8.6,3.0,3.2,8.0,2.0,3.0
Brandon Boston Jr.,18,NOP,1,BOS,7.8,0.2,1.4,12.0,0.0,1.0,1,18,1,2.0,5.2,5.0,1.4,0.0,1.0,0.0
Brandon Clarke,14,MEM,27,TOR,9.8,0.8,5.4,6.0,1.0,4.0,1,14,27,3.0,4.2,4.2,1.4,11.0,9.0,0.0
Brandon Ingram,18,NOP,20,OKC,25.0,5.8,5.6,29.0,3.0,7.0,1,18,20,2.0,12.0,6.0,3.8,18.0,6.0,6.0
Brandon Miller,4,CHO,28,UTA,17.2,4.6,3.2,19.0,6.0,4.0,1,4,28,3.0,14.4,5.2,2.8,21.037037037037038,4.851851851851852,3.6296296296296298
Brandon Williams,6,DAL,5,CLE,0.8,2.4,0.8,0.0,6.0,1.0,1,6,5,6.0,19.4,3.8,2.8,13.0,3.0,2.0
Brice Sensabaugh,28,UTA,23,PHO,4.4,0.8,2.0,0.0,0.0,0.0,1,28,23,2.0,14.0,3.4,2.2,9.0,1.0,0.0
Bronny James,13,LAL,12,LAC,1.4,0.6,1.2,2.0,0.0,0.0,1,13,12,3.0,3.8,2.0,2.4,0.0,0.0,0.0
Brook Lopez,16,MIL,0,ATL,11.2,1.8,3.8,14.0,0.0,3.0,1,16,0,2.0,17.0,4.8,2.0,16.0,3.0,1.0
Bruce Brown,27,TOR,14,MEM,7.4,1.6,3.8,9.0,1.0,3.0,1,27,14,1.0,7.0,1.6,0.6,8.38888888888889,3.7777777777777777,1.5555555555555556
Bruno Fernando,27,TOR,1,BOS,3.8,1.2,2.6,2.0,0.0,0.0,1,27,1,19.0,5.6,3.4,1.2,4.0,2.0,2.0
Bryce McGowens,24,POR,23,PHO,1.4,0.0,0.0,1.0,0.0,0.0,1,24,23,2.0,9.0,2.6,1.6,1.625,0.125,0.125
Buddy Hield,9,GSW,13,LAL,8.4,2.4,3.0,18.0,2.0,3.0,1,9,13,1.0,5.4,1.2,0.8,10.0,4.0,0.0
CJ McCollum,18,NOP,7,DEN,20.2,3.8,4.0,30.0,5.0,6.0,1,18,7,2.0,13.4,3.6,3.2,30.0,6.0,5.0
Cade Cunningham,8,DET,5,CLE,29.2,9.8,4.6,30.0,14.0,6.0,1,8,5,2.0,12.0,2.6,2.8,22.0,3.0,7.0
Caleb Houstan,21,ORL,7,DEN,2.8,0.6,2.2,3.0,0.0,1.0,1,21,7,1.0,19.2,3.0,5.2,6.0,0.0,1.0
Caleb Martin,22,PHI,18,NOP,9.4,2.6,4.6,8.0,2.0,5.0,1,22,18,2.0,13.0,2.2,0.8,9.064516129032258,4.387096774193548,2.225806451612903
Cam Christie,12,LAC,29,WAS,1.2,0.4,1.2,0.0,1.0,1.0,1,12,29,1.0,20.8,4.2,3.4,1.2,1.2,0.4
Cam Reddish,13,LAL,22,PHI,1.6,0.4,1.6,0.0,0.0,0.0,1,13,22,5.0,6.0,2.4,1.8,3.0,5.0,2.0
Cam Spencer,14,MEM,6,DAL,3.2,1.6,2.0,7.0,1.0,1.0,1,14,6,2.0,17.0,2.2,3.0,4.0,1.7,1.6
Cam Thomas,2,BRK,16,MIL,23.2,4.6,3.8,25.0,6.0,6.0,1,2,16,4.0,11.4,3.8,2.0,32.0,5.0,2.0
Cam Whitmore,10,HOU,17,MIN,8.2,1.0,3.6,12.0,1.0,3.0,1,10,17,2.0,6.0,2.2,0.8,4.0,3.0,1.0
Cameron Johnson,2,BRK,15,MIA,19.6,1.6,2.8,17.0,2.0,3.0,1,2,15,2.0,7.6,2.2,1.0,19.0,3.0,2.0
Cameron Payne,19,NYK,27,TOR,5.2,1.8,1.6,5.0,2.0,1.0,1,19,27,1.0,16.6,2.8,2.4,0.0,0.0,2.0
Caris LeVert,5,CLE,8,DET,5.6,4.2,3.0,0.0,3.0,3.0,1,5,8,1.0,11.8,2.4,2.4,9.0,3.0,2.0
Carlton Carrington,29,WAS,5,CLE,5.0,4.4,1.6,16.0,10.0,4.0,1,29,5,2.0,10.6,4.0,3.0,2.0,7.0,3.0
Cason Wallace,20,OKC,25,SAC,7.2,2.0,4.4,2.0,2.0,3.0,1,20,25,3.0,7.6,3.2,2.6,4.0,1.0,0.0
Charles Bassey,26,SAS,14,MEM,5.6,0.2,6.8,9.0,1.0,15.0,1,26,14,2.0,7.8,6.0,2.6,12.0,9.0,0.0
Chet Holmgren,20,OKC,27,TOR,13.6,1.2,8.4,0.0,0.0,4.0,1,20,27,89.0,11.2,1.4,3.6,15.272727272727273,8.363636363636363,1.9090909090909092
Chris Boucher,27,TOR,20,OKC,13.2,0.0,3.4,9.0,0.0,4.0,1,27,20,5.0,10.0,5.2,2.6,10.0,6.0,0.0
Chris Duarte,3,CHI,8,DET,1.4,0.8,1.2,0.0,0.0,1.0,1,3,8,18.0,7.4,4.4,1.0,2.1176470588235294,1.1764705882352942,0.5294117647058824
Chris Livingston,16,MIL,4,CHO,2.4,0.0,2.4,10.0,0.0,6.0,1,16,4,2.0,5.6,4.0,3.0,1.0769230769230769,1.5384615384615385,0.07692307692307693
Chris Paul,26,SAS,4,CHO,9.0,8.0,3.6,11.0,9.0,4.0,1,26,4,2.0,5.2,3.0,1.8,9.346938775510203,4.081632653061225,8.16326530612245
Christian Braun,7,DEN,21,ORL,17.2,2.4,7.2,23.0,3.0,9.0,1,7,21,1.0,8.2,5.4,0.8,20.0,11.0,2.0
Christian Koloko,13,LAL,9,GSW,2.0,1.0,0.8,0.0,0.0,0.0,1,13,9,5.0,8.0,4.4,2.2,0.0,0.0,0.0
Chuma Okeke,22,PHI,8,DET,2.4,1.0,1.2,0.0,0.0,0.0,1,22,8,3.0,6.8,2.8,1.2,0.0,1.0,0.0
Clint Capela,0,ATL,17,MIN,9.4,0.4,8.4,5.0,0.0,4.0,1,0,17,2.0,6.0,5.6,1.4,4.0,8.0,2.0
Coby White,3,CHI,17,MIN,18.8,3.8,3.0,22.0,7.0,3.0,1,3,17,1.0,8.0,6.2,2.6,24.0,0.0,8.0
Cody Martin,4,CHO,24,POR,7.2,2.0,3.4,5.0,1.0,4.0,1,4,24,2.0,8.0,5.8,1.8,7.846153846153846,4.512820512820513,2.282051282051282
Cody Williams,28,UTA,18,NOP,5.6,1.6,1.4,0.0,3.0,1.0,1,28,18,3.0,9.8,6.6,3.0,0.0,1.0,3.0
Colby Jones,25,SAC,21,ORL,1.2,0.2,0.4,2.0,0.0,0.0,1,25,21,22.0,8.8,2.8,1.6,1.0833333333333333,0.9583333333333334,0.2916666666666667
Cole Anthony,21,ORL,7,DEN,15.8,3.8,3.4,14.0,3.0,2.0,1,21,7,1.0,4.8,3.8,1.4,9.0,6.0,5.0
Cole Swider,8,DET,14,MEM,0.0,0.5,1.0,0.0,0.0,1.0,1,8,14,4.0,8.4,2.8,2.6,0.0,1.0,0.5
Colin Castleton,14,MEM,23,PHO,2.6,0.0,1.4,3.0,0.0,1.0,1,14,23,2.0,6.4,0.8,1.6,1.4,0.9,0.0
Collin Gillespie,23,PHO,20,OKC,1.4,0.2,0.8,0.0,1.0,2.0,1,23,20,4.0,3.0,2.0,1.2,2.1666666666666665,0.8333333333333334,0.5
Collin Sexton,28,UTA,11,IND,22.0,5.0,3.6,22.0,8.0,5.0,1,28,11,2.0,6.6,3.8,1.4,18.347826086956523,2.891304347826087,4.108695652173913
Corey Kispert,29,WAS,5,CLE,13.8,1.6,2.8,17.0,3.0,2.0,1,29,5,2.0,9.6,2.6,3.2,4.0,2.0,2.0
Cory Joseph,21,ORL,25,SAC,1.6,0.4,0.4,2.0,0.0,2.0,1,21,25,13.0,13.0,2.2,1.4,1.9333333333333333,0.7666666666666667,0.8
Craig Porter,5,CLE,22,PHI,0.8,0.6,0.2,0.0,1.0,1.0,1,5,22,1.0,9.8,2.6,3.4,3.0,1.0,2.0
Craig Porter Jr.,5,CLE,29,WAS,5.4,0.8,1.2,16.0,1.0,0.0,1,5,29,2.0,1.6,1.4,1.0,3.5384615384615383,1.0,0.9230769230769231
D'Angelo Russell,2,BRK,15,MIA,11.6,4.0,3.2,5.0,2.0,0.0,1,2,15,2.0,10.6,2.0,2.6,22.0,1.0,6.0
D.J. Carton,27,TOR,13,LAL,0.75,0.75,1.0,0.0,0.0,0.0,1,27,13,4.0,15.8,3.4,3.6,0.75,1.0,0.75
DaQuan Jeffries,4,CHO,26,SAS,3.2,1.2,1.6,9.0,2.0,6.0,1,4,26,2.0,17.4,1.6,3.6,5.388888888888889,2.9444444444444446,1.1666666666666667
Daeqwon Plowden,0,ATL,27,TOR,12.0,0.0,2.5,19.0,0.0,4.0,1,0,27,10.0,12.4,1.4,3.2,12.0,2.5,0.0
Daishen Nix,17,MIN,9,GSW,0.3333333333333333,1.0,1.3333333333333333,1.0,1.0,2.0,1,17,9,2.0,9.6,2.4,1.2,0.3333333333333333,1.3333333333333333,1.0
Dalano Banton,24,POR,25,SAC,5.4,1.0,0.8,0.0,0.0,1.0,1,24,25,2.0,13.4,2.4,2.8,17.0,2.0,2.0
Dalen Terry,3,CHI,8,DET,5.4,2.4,1.4,10.0,4.0,1.0,1,3,8,2.0,6.8,1.0,2.8,2.0,1.0,0.0
Dalton Knecht,13,LAL,12,LAC,10.2,0.2,1.8,2.0,0.0,0.0,1,13,12,3.0,9.8,3.4,1.6,10.0,4.0,1.0
Damian Lillard,16,MIL,0,ATL,24.2,8.4,3.6,29.0,12.0,4.0,1,16,0,2.0,15.4,3.4,3.2,25.0,6.0,7.0
Damion Lee,23,PHO,28,UTA,4.6,0.6,1.2,4.0,1.0,2.0,1,23,28,2.0,23.2,4.6,4.0,3.142857142857143,0.9285714285714286,0.5714285714285714
Daniel Gafford,6,DAL,1,BOS,17.4,2.2,10.2,12.0,0.0,6.0,1,6,1,2.0,22.0,7.0,3.8,19.0,15.0,2.0
Daniel Theis,18,NOP,6,DAL,5.2,3.0,4.8,0.0,2.0,2.0,1,18,6,2.0,5.8,2.4,0.8,2.0,5.0,1.0
Daniss Jenkins,8,DET,22,PHI,0.0,0.0,0.0,0.0,0.0,0.0,1,8,22,30.0,20.6,5.8,2.0,0.0,0.0,0.0
Dante Exum,6,DAL,1,BOS,11.5,3.25,1.25,14.0,4.0,1.0,1,6,1,2.0,15.6,9.0,3.4,11.5,1.25,3.25
Dario Šarić,7,DEN,10,HOU,3.4,1.6,3.4,7.0,2.0,7.0,1,7,10,7.0,6.0,3.4,2.6,3.769230769230769,3.6153846153846154,1.6923076923076923
Dariq Miller-Whitehead,2,BRK,15,MIA,4.5,0.25,0.75,18.0,1.0,2.0,1,2,15,21.0,15.6,5.2,5.4,4.5,0.75,0.25
Dariq Whitehead,2,BRK,23,PHO,4.5,0.0,0.5,3.0,0.0,0.0,1,2,23,7.0,9.0,5.0,1.0,4.5,0.5,0.0
Darius Garland,5,CLE,29,WAS,23.0,6.4,2.8,25.0,5.0,3.0,1,5,29,2.0,14.2,3.6,3.6,24.0,5.0,8.0
David Duke,26,SAS,10,HOU,23.2,6.0,2.8,0.0,0.0,0.0,1,26,10,3.0,15.8,3.6,4.2,3.0,0.0,2.0
David Duke Jr.,26,SAS,14,MEM,0.0,0.0,2.0,0.0,0.0,0.0,1,26,14,3.0,6.6,6.6,2.6,0.0,2.0,0.0
David Roddy,0,ATL,5,CLE,2.4,1.4,4.4,2.0,0.0,5.0,1,0,5,3.0,5.2,2.0,1.0,0.0,0.0,0.0
Davion Mitchell,27,TOR,14,MEM,7.2,5.2,1.6,9.0,2.0,1.0,1,27,14,5.0,5.8,3.8,1.8,6.0,0.0,5.0
Day'Ron Sharpe,2,BRK,15,MIA,9.8,2.0,5.4,11.0,2.0,4.0,1,2,15,2.0,7.2,2.6,2.6,7.0,3.0,0.0
De'Aaron Fox,26,SAS,4,CHO,21.4,6.6,3.8,24.0,13.0,5.0,1,26,4,2.0,16.8,3.6,6.2,24.893617021276597,4.9361702127659575,6.276595744680851
De'Andre Hunter,0,ATL,26,SAS,20.0,1.0,4.0,20.0,0.0,0.0,1,0,26,2.0,20.0,5.6,4.6,27.0,6.0,1.0
De'Anthony Melton,9,GSW,6,DAL,9.6,2.6,3.2,19.0,2.0,10.0,1,9,6,2.0,15.2,4.0,6.2,10.333333333333334,3.3333333333333335,2.8333333333333335
DeAndre Jordan,7,DEN,21,ORL,2.8,0.6,4.2,2.0,2.0,4.0,1,7,21,1.0,9.4,4.4,2.6,4.0,7.0,0.0
DeMar DeRozan,25,SAC,24,POR,21.0,3.0,2.6,19.0,2.0,2.0,1,25,24,1.0,16.4,4.8,3.0,23.0,4.0,3.0
Dean Wade,5,CLE,22,PHI,6.0,1.6,5.2,8.0,3.0,8.0,1,5,22,2.0,10.6,4.0,1.6,6.0,4.0,2.0
Deandre Ayton,24,POR,25,SAC,20.0,2.2,11.6,8.0,2.0,9.0,1,24,25,2.0,14.4,5.8,1.4,26.0,9.0,2.0
Dejounte Murray,18,NOP,1,BOS,21.6,7.6,6.4,27.0,6.0,5.0,1,18,1,2.0,15.4,5.6,4.8,26.0,9.0,8.0
Delon Wright,16,MIL,20,OKC,2.4,2.6,1.0,0.0,2.0,0.0,1,16,20,19.0,14.8,4.6,2.2,2.5,1.7692307692307692,1.8461538461538463
Deni Avdija,24,POR,25,SAC,16.2,3.2,6.2,6.0,1.0,4.0,1,24,25,2.0,18.6,7.4,4.2,20.0,9.0,5.0
Dennis Schröder,9,GSW,21,ORL,11.6,5.2,3.6,5.0,5.0,6.0,1,9,21,3.0,12.8,2.6,5.0,20.0,2.0,7.0
Dereck Lively,6,DAL,17,MIN,8.2,3.2,8.4,4.0,1.0,4.0,1,6,17,2.0,10.0,4.4,2.6,5.0,9.0,1.0
Dereck Lively II,6,DAL,7,DEN,12.6,3.2,10.2,14.0,8.0,6.0,1,6,7,2.0,17.8,4.4,7.6,14.0,6.0,8.0
Derrick Jones,12,LAC,9,GSW,8.2,0.8,1.8,13.0,0.0,2.0,1,12,9,4.0,15.2,5.4,2.4,7.0,3.0,0.0
Derrick Jones Jr.,12,LAC,11,IND,11.2,1.6,5.0,17.0,2.0,2.0,1,12,11,2.0,9.4,2.4,3.4,11.15,4.2,0.85
Derrick White,1,BOS,6,DAL,19.6,4.6,3.0,20.0,2.0,5.0,1,1,6,2.0,13.0,4.4,3.0,23.0,4.0,4.0
Desmond Bane,14,MEM,16,MIL,20.2,7.6,5.2,24.0,6.0,12.0,1,14,16,3.0,14.4,4.6,6.4,17.925,5.675,5.45
Devin Booker,23,PHO,28,UTA,29.8,6.2,3.6,19.0,3.0,2.0,1,23,28,2.0,28.0,4.4,5.2,34.0,5.0,4.0
Devin Carter,25,SAC,24,POR,3.6,1.6,2.4,9.0,4.0,3.0,1,25,24,1.0,27.0,5.2,5.0,3.6875,2.5,1.3125
Devin Vassell,26,SAS,4,CHO,16.0,2.8,2.8,20.0,4.0,3.0,1,26,4,2.0,25.6,4.6,6.6,16.147058823529413,3.6176470588235294,3.0
Dillon Brooks,10,HOU,17,MIN,15.2,1.0,4.4,16.0,1.0,3.0,1,10,17,2.0,15.6,3.8,3.0,22.0,3.0,2.0
Dillon Jones,20,OKC,27,TOR,2.4,2.2,3.6,6.0,2.0,2.0,1,20,27,2.0,17.2,4.0,2.4,2.0625,2.03125,0.90625
Domantas Sabonis,25,SAC,24,POR,17.0,6.4,13.4,21.0,3.0,13.0,1,25,24,1.0,13.2,7.8,5.0,21.0,14.0,11.0
Dominick Barlow,0,ATL,16,MIL,3.4,0.2,2.4,5.0,0.0,3.0,1,0,16,2.0,6.6,5.0,3.4,2.8,1.5333333333333334,0.2
Donovan Clingan,24,POR,25,SAC,2.0,0.6,4.8,4.0,0.0,5.0,1,24,25,3.0,8.6,2.4,1.4,2.0,6.0,0.0
Donovan Mitchell,5,CLE,29,WAS,24.4,6.0,4.0,31.0,6.0,10.0,1,5,29,3.0,19.6,6.6,4.4,20.0,6.0,6.0
Donte DiVincenzo,17,MIN,9,GSW,15.4,3.8,5.2,13.0,0.0,3.0,1,17,9,2.0,13.4,3.4,4.0,19.0,4.0,4.0
Dorian Finney-Smith,13,LAL,9,GSW,7.8,0.6,3.4,7.0,2.0,4.0,1,13,9,2.0,13.6,3.6,4.2,8.0,3.0,0.0
Doug McDermott,25,SAC,17,MIN,3.0,0.0,0.2,0.0,0.0,0.0,1,25,17,2.0,12.2,4.8,1.8,0.0,1.0,0.0
Draymond Green,9,GSW,13,LAL,5.0,5.6,5.4,7.0,9.0,4.0,1,9,13,1.0,5.4,4.2,4.0,3.0,10.0,6.0
Drew Eubanks,12,LAC,11,IND,5.8,1.0,3.2,2.0,0.0,1.0,1,12,11,2.0,14.2,4.6,1.8,5.666666666666667,4.461538461538462,1.1538461538461537
Drew Peterson,1,BOS,6,DAL,2.4,0.6,1.6,0.0,0.0,2.0,1,1,6,8.0,10.0,5.4,2.6,2.7142857142857144,1.9285714285714286,0.7857142857142857
Dru Smith,15,MIA,2,BRK,11.2,2.2,2.2,14.0,0.0,4.0,1,15,2,2.0,2.8,3.8,2.0,6.285714285714286,2.5714285714285716,1.6428571428571428
Duncan Robinson,15,MIA,2,BRK,8.8,2.0,1.6,0.0,1.0,0.0,1,15,2,2.0,8.0,3.6,1.6,15.0,7.0,0.0
Duop Reath,24,POR,11,IND,0.8,0.2,0.6,2.0,0.0,1.0,1,24,11,3.0,7.8,1.6,2.2,2.28,0.88,0.24
Dwight Powell,6,DAL,20,OKC,0.6,0.6,2.2,0.0,1.0,0.0,1,6,20,2.0,6.0,0.6,2.0,0.0,0.0,0.0
Dyson Daniels,0,ATL,16,MIL,16.0,5.8,7.0,19.0,7.0,8.0,1,0,16,2.0,8.6,3.2,4.0,11.0,8.0,5.0
E.J. Liddell,3,CHI,2,BRK,2.6,0.6,0.8,5.0,2.0,4.0,1,3,2,5.0,11.4,2.6,1.4,2.5,0.8333333333333334,0.5
Elfrid Payton,18,NOP,0,ATL,7.2,7.8,3.8,6.0,7.0,1.0,1,18,0,1.0,9.0,5.2,3.4,6.714285714285714,3.4285714285714284,6.857142857142857
Elijah Harkless,28,UTA,9,GSW,4.2,0.8,2.0,2.0,0.0,1.0,1,28,9,1.0,6.0,2.2,3.2,3.5555555555555554,2.3333333333333335,0.8888888888888888
Emoni Bates,5,CLE,29,WAS,0.0,0.8,0.0,0.0,1.0,0.0,1,5,29,8.0,8.6,2.2,1.4,0.0,0.0,0.8
Enrique Freeman,11,IND,24,POR,2.4,0.2,1.4,6.0,1.0,4.0,1,11,24,27.0,9.6,3.6,2.2,1.6842105263157894,1.0,0.42105263157894735
Eric Gordon,22,PHI,8,DET,11.4,2.6,1.8,5.0,5.0,3.0,1,22,8,2.0,1.4,0.2,1.0,0.0,1.0,2.0
Evan Mobley,5,CLE,29,WAS,19.4,3.6,10.0,30.0,7.0,9.0,1,5,29,2.0,9.8,5.0,1.8,19.0,10.0,2.0
Franz Wagner,21,ORL,7,DEN,28.4,3.0,5.0,31.0,3.0,5.0,1,21,7,1.0,15.0,3.8,4.2,24.78787878787879,5.363636363636363,5.090909090909091
Fred VanVleet,10,HOU,2,BRK,14.2,5.8,3.2,13.0,5.0,1.0,1,10,2,2.0,24.4,8.8,4.8,14.622222222222222,3.888888888888889,5.8
GG Jackson II,14,MEM,27,TOR,11.0,1.4,3.8,27.0,1.0,4.0,1,14,27,2.0,14.0,8.0,4.0,9.88888888888889,3.888888888888889,0.8888888888888888
Gabe Vincent,13,LAL,9,GSW,8.6,2.4,1.4,12.0,2.0,3.0,1,13,9,2.0,8.8,2.4,4.4,7.0,0.0,2.0
Garrett Temple,27,TOR,3,CHI,0.8,0.4,0.2,0.0,0.0,0.0,1,27,3,2.0,14.2,4.8,3.8,0.0,0.0,0.0
Garrison Mathews,0,ATL,16,MIL,5.2,0.2,2.8,0.0,1.0,1.0,1,0,16,2.0,9.6,4.6,2.2,7.534883720930233,1.8372093023255813,1.302325581395349
Gary Harris,21,ORL,25,SAC,3.8,0.4,0.6,6.0,0.0,0.0,1,21,25,2.0,10.0,1.6,1.8,3.75,1.2083333333333333,0.4583333333333333
Gary Payton,9,GSW,13,LAL,5.2,1.8,4.4,7.0,4.0,5.0,1,9,13,4.0,16.6,3.0,3.0,4.642857142857143,2.7857142857142856,1.2142857142857142
Gary Payton II,9,GSW,13,LAL,6.6,1.4,3.0,9.0,1.0,1.0,1,9,13,1.0,8.4,2.0,1.0,12.0,6.0,2.0
Gary Trent,16,MIL,3,CHI,12.8,0.6,3.6,14.0,0.0,3.0,1,16,3,2.0,7.6,3.0,0.6,14.0,4.0,0.0
Gary Trent Jr.,16,MIL,0,ATL,7.2,1.2,3.4,13.0,0.0,6.0,1,16,0,2.0,3.6,1.8,0.4,10.705882352941176,2.4705882352941178,1.3529411764705883
Georges Niang,5,CLE,8,DET,9.4,0.4,2.8,6.0,0.0,2.0,1,5,8,1.0,7.4,3.4,1.0,3.0,3.0,0.0
Giannis Antetokounmpo,16,MIL,14,MEM,34.0,4.6,13.8,35.0,6.0,14.0,1,16,14,2.0,10.2,4.2,1.2,37.0,11.0,4.0
Goga Bitadze,21,ORL,7,DEN,7.0,2.0,8.2,14.0,2.0,7.0,1,21,7,1.0,6.0,2.6,1.8,9.142857142857142,8.095238095238095,2.2857142857142856
Gradey Dick,27,TOR,20,OKC,13.6,0.6,4.2,13.0,0.0,7.0,1,27,20,2.0,14.4,8.2,3.6,15.0,1.0,0.0
Grant Williams,4,CHO,16,MIL,12.8,2.2,6.0,12.0,1.0,3.0,1,4,16,2.0,13.2,4.2,2.4,6.0,7.0,2.0
Grayson Allen,23,PHO,28,UTA,9.0,3.0,4.4,9.0,3.0,2.0,1,23,28,2.0,9.8,5.6,2.6,14.0,4.0,4.0
Guerschon Yabusele,22,PHI,15,MIA,18.2,2.4,6.4,19.0,4.0,8.0,1,22,15,1.0,12.0,2.8,1.6,3.0,4.0,1.0
Gui Santos,9,GSW,28,UTA,3.8,1.6,4.0,0.0,0.0,1.0,1,9,28,2.0,10.8,5.8,2.8,7.0,7.0,2.0
Harrison Barnes,26,SAS,4,CHO,12.0,2.2,4.4,13.0,1.0,6.0,1,26,4,2.0,9.8,5.8,1.4,11.63265306122449,4.0,1.7755102040816326
Harrison Ingram,26,SAS,14,MEM,0.0,0.0,1.0,0.0,0.0,1.0,1,26,14,89.0,8.8,3.8,2.0,0.0,1.0,0.0
Haywood Highsmith,15,MIA,2,BRK,6.2,1.4,2.4,3.0,0.0,1.0,1,15,2,2.0,5.0,4.6,0.8,0.0,2.0,1.0
Herbert Jones,18,NOP,24,POR,11.4,4.2,3.8,10.0,5.0,6.0,1,18,24,1.0,8.6,1.8,1.4,12.0,2.0,1.0
Hunter Tyson,7,DEN,21,ORL,1.4,0.2,2.0,4.0,0.0,2.0,1,7,21,1.0,4.4,2.4,1.2,0.0,0.0,0.0
Immanuel Quickley,27,TOR,20,OKC,13.8,4.4,1.4,9.0,5.0,1.0,1,27,20,3.0,9.8,4.4,1.2,14.307692307692308,2.230769230769231,6.0
Isaac Jones,25,SAC,21,ORL,2.8,0.6,0.6,4.0,1.0,0.0,1,25,21,2.0,6.2,2.4,3.0,3.64,1.52,0.32
Isaac Okoro,5,CLE,20,OKC,3.0,1.2,0.8,0.0,1.0,1.0,1,5,20,2.0,4.2,2.6,2.4,0.0,0.0,1.0
Isaiah Collier,28,UTA,23,PHO,13.2,8.6,3.8,20.0,11.0,6.0,1,28,23,2.0,4.2,2.2,2.2,5.0,3.0,8.0
Isaiah Crawford,25,SAC,21,ORL,1.0,0.0,1.0,2.0,0.0,2.0,1,25,21,17.0,7.6,3.6,5.0,1.0,1.0,0.0
Isaiah Hartenstein,20,OKC,27,TOR,9.8,5.0,12.2,9.0,4.0,4.0,1,20,27,2.0,3.0,5.2,2.6,2.0,16.0,6.0
Isaiah Jackson,11,IND,18,NOP,7.0,1.0,5.6,10.0,0.0,5.0,1,11,18,2.0,9.4,5.2,6.0,7.0,5.6,1.0
Isaiah Joe,20,OKC,27,TOR,13.8,1.6,2.6,12.0,1.0,3.0,1,20,27,2.0,8.0,6.8,3.0,16.0,4.0,2.0
Isaiah Stewart,8,DET,22,PHI,5.8,1.2,3.8,8.0,1.0,6.0,1,8,22,2.0,6.8,6.6,1.4,6.0,4.0,0.0
Isaiah Wong,4,CHO,16,MIL,3.8,1.0,1.2,3.0,1.0,0.0,1,4,16,2.0,9.8,5.4,1.6,5.333333333333333,1.6666666666666667,1.4444444444444444
Isiah Crawford,25,SAC,28,UTA,4.4,1.4,1.0,0.0,0.0,0.0,1,25,28,3.0,5.8,1.8,2.0,0.0,1.0,0.0
Ivica Zubac,12,LAC,11,IND,17.2,2.4,13.4,8.0,3.0,10.0,1,12,11,2.0,3.2,4.6,2.6,15.16326530612245,12.653061224489797,2.489795918367347
JD Davison,1,BOS,8,DET,1.2,0.2,0.4,0.0,0.0,1.0,1,1,8,10.0,7.4,1.8,2.0,1.2,0.4,0.2
JT Thor,5,CLE,0,ATL,1.8,0.2,0.8,0.0,1.0,0.0,1,5,0,10.0,8.6,9.2,2.2,3.111111111111111,0.6666666666666666,0.1111111111111111
Ja Morant,14,MEM,27,TOR,16.2,8.0,3.4,25.0,11.0,3.0,1,14,27,2.0,12.4,6.4,3.6,15.0,2.0,9.0
Ja'Kobe Walter,27,TOR,20,OKC,11.0,1.8,2.4,14.0,3.0,3.0,1,27,20,2.0,11.6,8.2,1.0,6.0,6.0,2.0
Jabari Smith,10,HOU,15,MIA,13.8,1.6,7.0,12.0,1.0,7.0,1,10,15,2.0,6.4,1.8,0.6,11.90625,6.6875,1.03125
Jabari Smith Jr.,10,HOU,6,DAL,12.2,0.6,7.2,0.0,0.0,0.0,1,10,6,3.0,13.8,5.0,2.0,12.0,2.0,0.0
Jabari Walker,24,POR,11,IND,3.0,0.2,2.8,0.0,0.0,3.0,1,24,11,3.0,12.8,5.8,2.4,2.0,3.0,1.0
Jack McVeigh,10,HOU,24,POR,1.0,0.0,0.4,2.0,0.0,0.0,1,10,24,5.0,11.8,6.0,3.4,1.3333333333333333,0.6666666666666666,0.16666666666666666
Jackson Rowe,9,GSW,13,LAL,3.0,1.0,3.0,6.0,0.0,5.0,1,9,13,1.0,11.4,6.0,3.0,3.0,3.0,1.0
Jacob Toppin,19,NYK,13,LAL,0.8,0.0,1.2,0.0,0.0,1.0,1,19,13,5.0,9.8,4.2,2.8,0.375,0.6875,0.25
Jaden Hardy,6,DAL,5,CLE,5.6,0.6,1.2,0.0,0.0,1.0,1,6,5,2.0,8.8,3.0,1.2,17.0,3.0,3.0
Jaden Ivey,8,DET,21,ORL,16.8,2.6,4.6,17.0,1.0,3.0,1,8,21,4.0,7.4,3.8,0.8,19.0,7.0,2.0
Jaden McDaniels,17,MIN,10,HOU,15.0,2.4,7.4,12.0,2.0,8.0,1,17,10,1.0,6.4,3.8,1.8,2.0,5.0,1.0
Jaden Springer,1,BOS,22,PHI,3.4,0.6,1.6,0.0,0.0,0.0,1,1,22,2.0,13.8,2.8,4.0,1.7307692307692308,0.9230769230769231,0.38461538461538464
Jae Crowder,25,SAC,16,MIL,2.4,0.8,2.6,0.0,0.0,2.0,1,25,16,29.0,2.8,1.2,1.2,2.857142857142857,2.4285714285714284,0.5714285714285714
Jae'Sean Tate,10,HOU,17,MIN,6.4,1.4,1.6,5.0,0.0,2.0,1,10,17,2.0,3.2,2.8,0.2,6.0,6.0,0.0
Jaime Jaquez,15,MIA,10,HOU,9.2,1.8,4.4,8.0,1.0,5.0,1,15,10,1.0,3.8,3.0,1.4,8.615384615384615,4.653846153846154,2.1153846153846154
Jaime Jaquez Jr.,15,MIA,2,BRK,8.4,2.4,4.8,9.0,2.0,6.0,1,15,2,2.0,8.0,3.4,1.6,9.0,5.0,3.0
Jake LaRavia,14,MEM,27,TOR,3.4,0.8,4.2,6.0,3.0,7.0,1,14,27,2.0,8.4,4.2,2.0,8.0,9.0,3.0
Jakob Poeltl,27,TOR,19,NYK,12.0,4.6,10.0,10.0,3.0,10.0,1,27,19,2.0,7.2,7.0,3.4,8.0,10.0,3.0
Jalen Bridges,23,PHO,20,OKC,0.8,0.0,0.6,0.0,0.0,0.0,1,23,20,40.0,4.4,3.8,0.4,0.0,0.0,0.0
Jalen Brunson,19,NYK,27,TOR,26.8,9.8,2.8,42.0,10.0,6.0,1,19,27,1.0,10.6,4.0,5.6,13.0,6.0,7.0
Jalen Duren,8,DET,22,PHI,15.4,2.6,11.0,8.0,0.0,10.0,1,8,22,2.0,15.8,4.6,3.0,4.0,0.0,2.0
Jalen Green,10,HOU,17,MIN,22.6,3.4,4.8,13.0,5.0,3.0,1,10,17,2.0,13.6,3.2,4.6,14.0,2.0,6.0
Jalen Hood-Schifino,13,LAL,28,UTA,2.0,0.5,0.5,0.0,0.0,0.0,1,13,28,23.0,13.8,3.8,4.2,2.0,0.5,0.5
Jalen Johnson,0,ATL,27,TOR,15.2,3.0,9.2,17.0,4.0,9.0,1,0,27,1.0,14.4,8.0,2.4,15.0,4.0,3.0
Jalen Pickett,7,DEN,21,ORL,1.8,1.2,1.0,4.0,2.0,2.0,1,7,21,1.0,12.2,5.0,1.4,2.0,1.0,0.0
Jalen Smith,3,CHI,17,MIN,9.6,1.4,7.6,8.0,4.0,8.0,1,3,17,1.0,13.6,5.0,3.8,9.0,6.0,0.0
Jalen Suggs,21,ORL,8,DET,18.8,2.2,3.2,6.0,1.0,2.0,1,21,8,22.0,14.2,5.4,2.2,24.0,4.0,3.0
Jalen Williams,20,OKC,27,TOR,24.2,4.6,4.2,13.0,4.0,3.0,1,20,27,2.0,11.2,4.0,1.2,20.0,7.0,2.0
Jalen Wilson,2,BRK,15,MIA,11.4,2.4,3.0,7.0,4.0,3.0,1,2,15,2.0,18.6,4.8,3.8,12.0,9.0,8.0
Jamal Cain,18,NOP,7,DEN,0.8,0.0,1.8,3.0,0.0,0.0,1,18,7,5.0,10.8,5.4,3.4,2.0,5.0,2.0
Jamal Murray,7,DEN,18,NOP,24.4,7.2,4.6,20.0,8.0,5.0,1,7,18,2.0,20.0,5.2,5.4,20.0,5.0,8.0
Jamal Shead,27,TOR,20,OKC,10.0,5.6,1.4,14.0,4.0,0.0,1,27,20,2.0,8.0,3.8,2.6,0.0,1.0,2.0
James Harden,12,LAC,11,IND,18.2,9.4,4.4,7.0,9.0,3.0,1,12,11,2.0,3.6,1.8,1.0,21.3125,5.75,8.416666666666666
James Johnson,11,IND,24,POR,0.8,0.0,0.0,0.0,0.0,0.0,1,11,24,6.0,17.4,3.2,6.6,0.8,0.5,0.4
James Wiseman,11,IND,8,DET,0.0,0.2,0.2,0.0,0.0,0.0,1,11,8,3.0,11.2,1.6,2.8,6.0,1.0,0.0
Jamison Battle,27,TOR,20,OKC,0.6,0.2,1.0,3.0,0.0,2.0,1,27,20,2.0,8.4,6.2,5.2,6.0,3.0,2.0
Jarace Walker,11,IND,24,POR,3.8,1.8,1.8,9.0,1.0,3.0,1,11,24,1.0,12.6,1.8,4.8,2.0,0.0,0.0
Jared Butler,29,WAS,13,LAL,7.4,1.8,2.6,0.0,1.0,1.0,1,29,13,11.0,6.8,2.2,4.8,6.875,1.28125,2.5625
Jared McCain,22,PHI,11,IND,13.2,2.2,2.8,11.0,4.0,0.0,1,22,11,5.0,7.6,2.2,2.8,4.0,2.0,1.0
Jared Rhoden,4,CHO,5,CLE,1.0,0.5,1.0,0.0,0.0,0.0,1,4,5,5.0,14.0,1.8,3.6,1.0,1.0,0.5
Jaren Jackson,14,MEM,20,OKC,21.6,3.6,6.6,33.0,3.0,5.0,1,14,20,2.0,8.0,3.0,1.2,21.612903225806452,5.935483870967742,1.7741935483870968
Jaren Jackson Jr.,14,MEM,27,TOR,27.6,2.2,4.4,31.0,3.0,6.0,1,14,27,2.0,10.4,4.6,3.6,26.555555555555557,6.388888888888889,2.9444444444444446
Jarred Vanderbilt,13,LAL,9,GSW,3.2,1.2,5.4,6.0,0.0,6.0,1,13,9,2.0,16.2,5.0,2.6,2.0,4.0,2.0
Jarrett Allen,5,CLE,29,WAS,11.6,2.2,13.0,6.0,6.0,13.0,1,5,29,2.0,16.0,6.0,1.4,21.0,11.0,2.0
Javonte Green,18,NOP,7,DEN,5.2,1.4,4.6,4.0,2.0,4.0,1,18,7,2.0,9.0,6.4,2.4,4.0,4.0,2.0
Jaxson Hayes,13,LAL,9,GSW,6.6,1.6,4.2,6.0,4.0,6.0,1,13,9,2.0,7.0,5.4,1.4,0.0,3.0,1.0
Jay Huff,14,MEM,27,TOR,3.2,0.4,0.8,0.0,0.0,0.0,1,14,27,2.0,9.2,8.0,1.6,7.75,2.227272727272727,0.6590909090909091
Jaylen Brown,1,BOS,6,DAL,24.2,5.2,7.0,16.0,6.0,9.0,1,1,6,2.0,8.4,3.2,1.8,22.0,8.0,6.0
Jaylen Clark,17,MIN,10,HOU,5.8,0.8,2.2,5.0,0.0,1.0,1,17,10,1.0,11.4,3.2,1.4,4.8,1.5,0.5
Jaylen Martin,2,BRK,15,MIA,1.0,0.0,0.0,0.0,0.0,0.0,1,2,15,54.0,10.8,5.2,1.4,1.0,0.0,0.0
Jaylen Nowell,18,NOP,6,DAL,10.4,2.6,3.6,16.0,3.0,6.0,1,18,6,3.0,13.4,3.6,2.0,8.375,2.5,2.25
Jaylen Wells,14,MEM,27,TOR,8.0,2.0,2.6,2.0,1.0,1.0,1,14,27,2.0,13.8,4.8,3.0,17.0,1.0,1.0
Jaylin Williams,20,OKC,27,TOR,6.2,3.0,9.0,4.0,3.0,12.0,1,20,27,2.0,14.6,5.4,3.2,5.869565217391305,5.6521739130434785,2.4347826086956523
Jaylon Tyson,5,CLE,29,WAS,6.4,1.8,3.6,0.0,1.0,2.0,1,5,29,2.0,4.2,2.8,1.8,2.0,2.0,1.0
Jayson Tatum,1,BOS,6,DAL,23.8,8.0,6.2,22.0,7.0,4.0,1,1,6,2.0,11.2,5.6,2.2,24.0,6.0,3.0
Jazian Gortman,6,DAL,1,BOS,1.6,0.6,0.4,3.0,1.0,0.0,1,6,1,22.0,5.0,5.0,1.0,1.5,0.3125,0.375
Jeenathan Williams,10,HOU,24,POR,3.2,0.2,0.6,9.0,1.0,0.0,1,10,24,3.0,6.0,3.0,1.2,2.6666666666666665,0.5,0.16666666666666666
Jeff Dowtin,22,PHI,6,DAL,3.6,2.8,1.2,0.0,0.0,0.0,1,22,6,7.0,12.2,4.4,2.4,3.5652173913043477,1.173913043478261,1.434782608695652
Jeff Green,10,HOU,2,BRK,7.6,0.4,2.6,10.0,2.0,3.0,1,10,2,16.0,20.2,7.2,5.4,4.071428571428571,1.2857142857142858,0.21428571428571427
Jerami Grant,24,POR,25,SAC,12.8,2.4,2.0,20.0,1.0,2.0,1,24,25,2.0,8.6,7.6,3.6,7.0,8.0,2.0
Jeremiah Robinson-Earl,18,NOP,7,DEN,1.6,0.6,3.4,0.0,0.0,1.0,1,18,7,2.0,5.8,3.2,1.2,0.0,1.0,0.0
Jeremy Sochan,26,SAS,4,CHO,8.0,2.8,4.8,15.0,2.0,4.0,1,26,4,2.0,12.4,3.4,0.8,12.0,7.533333333333333,2.533333333333333
Jericho Sims,19,NYK,27,TOR,0.4,0.4,1.6,0.0,0.0,0.0,1,19,27,1.0,11.0,5.8,3.0,0.0,1.0,1.0
Jett Howard,21,ORL,7,DEN,2.2,0.2,0.2,3.0,0.0,0.0,1,21,7,1.0,2.6,4.8,0.4,4.431818181818182,1.2045454545454546,0.5909090909090909
Jevon Carter,3,CHI,17,MIN,3.8,0.2,1.0,2.0,0.0,0.0,1,3,17,1.0,4.2,4.6,1.6,0.0,0.0,1.0
Jimmy Butler,15,MIA,24,POR,8.8,3.4,2.4,8.0,7.0,3.0,1,15,24,2.0,7.4,4.0,2.0,17.04,5.24,4.8
Jock Landale,10,HOU,17,MIN,4.0,1.4,3.4,2.0,2.0,2.0,1,10,17,5.0,4.6,3.2,2.8,3.0,1.0,1.0
Joe Ingles,17,MIN,25,SAC,2.0,1.0,0.4,10.0,3.0,1.0,1,17,25,2.0,6.0,0.6,1.4,0.0,0.0,0.0
Joel Embiid,22,PHI,8,DET,30.8,5.0,10.2,29.0,10.0,11.0,1,22,8,3.0,14.4,7.0,3.4,24.6,8.066666666666666,4.4
John Collins,28,UTA,23,PHO,19.4,0.8,8.0,19.0,2.0,5.0,1,28,23,2.0,18.0,6.0,3.6,22.0,6.0,6.0
John Konchar,14,MEM,27,TOR,2.0,0.6,2.2,2.0,3.0,3.0,1,14,27,2.0,7.4,3.2,2.6,9.0,5.0,2.0
Johnny Davis,29,WAS,2,BRK,1.2,0.4,1.2,2.0,0.0,2.0,1,29,2,6.0,9.2,5.6,2.0,2.3529411764705883,1.1176470588235294,0.3235294117647059
Johnny Furphy,11,IND,24,POR,0.4,0.0,0.4,0.0,0.0,0.0,1,11,24,6.0,12.8,3.6,1.4,0.0,0.0,0.0
Johnny Juzang,28,UTA,23,PHO,7.8,1.4,3.6,3.0,0.0,0.0,1,28,23,2.0,6.2,4.0,1.8,3.0,1.0,1.0
Jonas Valančiūnas,25,SAC,24,POR,9.4,2.4,9.2,14.0,4.0,17.0,1,25,24,3.0,7.8,1.4,0.2,11.4,8.18,2.22
Jonathan Isaac,21,ORL,7,DEN,4.2,0.8,5.0,0.0,2.0,3.0,1,21,7,1.0,12.2,5.8,2.2,10.0,6.0,1.0
Jonathan Kuminga,9,GSW,14,MEM,24.0,3.0,8.0,20.0,5.0,5.0,1,9,14,2.0,12.2,5.6,1.2,11.0,4.0,2.0
Jonathan Mogbo,27,TOR,20,OKC,4.6,0.6,2.2,10.0,2.0,6.0,1,27,20,2.0,12.6,2.8,0.8,17.0,1.0,1.0
Jordan Clarkson,28,UTA,9,GSW,13.6,2.8,1.6,21.0,3.0,4.0,1,28,9,2.0,7.4,5.6,2.4,11.0,1.0,2.0
Jordan Hawkins,18,NOP,7,DEN,11.8,0.8,2.0,0.0,1.0,2.0,1,18,7,2.0,11.8,3.4,1.8,0.0,2.0,1.0
Jordan McLaughlin,25,SAC,20,OKC,0.6,1.0,0.4,0.0,0.0,0.0,1,25,20,7.0,13.2,2.8,1.4,0.0,0.0,0.0
Jordan Miller,12,LAC,4,CHO,2.0,0.2,0.4,0.0,1.0,0.0,1,12,4,2.0,11.4,7.0,1.6,4.896551724137931,1.793103448275862,1.0689655172413792
Jordan Poole,29,WAS,5,CLE,13.2,4.2,3.0,19.0,8.0,3.0,1,29,5,2.0,15.6,3.4,4.4,17.0,5.0,6.0
Jordan Walsh,1,BOS,6,DAL,0.6,0.2,0.4,0.0,0.0,1.0,1,1,6,8.0,5.2,1.4,2.8,0.0,0.0,0.0
Jose Alvarado,18,NOP,7,DEN,9.2,4.6,1.6,20.0,6.0,3.0,1,18,7,3.0,13.6,3.0,2.8,9.62962962962963,1.962962962962963,4.111111111111111
Josh Christopher,15,MIA,5,CLE,1.2,0.8,0.2,1.0,0.0,1.0,1,15,5,6.0,23.2,2.6,5.2,0.75,0.375,0.5
Josh Giddey,3,CHI,17,MIN,16.2,6.6,6.0,24.0,7.0,5.0,1,3,17,1.0,12.2,3.6,4.2,9.0,6.0,13.0
Josh Green,4,CHO,16,MIL,11.0,1.8,2.2,11.0,1.0,3.0,1,4,16,2.0,14.2,7.0,5.4,11.0,5.0,0.0
Josh Hart,19,NYK,27,TOR,16.8,7.4,10.8,19.0,5.0,8.0,1,19,27,1.0,13.2,5.4,4.6,21.0,11.0,7.0
Josh Minott,17,MIN,3,CHI,1.4,0.0,0.6,2.0,0.0,0.0,1,17,3,6.0,6.0,6.8,3.8,0.0,1.0,0.0
Josh Okogie,4,CHO,12,LAC,11.4,1.8,3.6,9.0,2.0,2.0,1,4,12,2.0,8.8,4.6,3.0,6.875,3.0,0.75
Josh Richardson,15,MIA,22,PHI,5.6,1.8,1.8,5.0,3.0,2.0,1,15,22,1.0,8.2,7.4,4.6,4.0,1.5,1.5
Jrue Holiday,1,BOS,5,CLE,8.8,4.0,4.6,9.0,5.0,5.0,1,1,5,2.0,9.4,4.8,3.0,4.0,3.0,5.0
Julian Champagnie,26,SAS,4,CHO,5.4,1.2,3.4,5.0,2.0,3.0,1,26,4,2.0,9.2,4.2,2.6,10.285714285714286,4.142857142857143,1.2448979591836735
Julian Phillips,3,CHI,17,MIN,3.0,0.6,0.8,5.0,0.0,0.0,1,3,17,1.0,7.0,3.4,2.6,6.0,1.0,0.0
Julian Strawther,7,DEN,21,ORL,10.6,0.8,2.4,10.0,1.0,2.0,1,7,21,1.0,8.0,4.2,1.0,7.0,3.0,1.0
Julius Randle,17,MIN,28,UTA,18.0,5.0,7.8,28.0,6.0,7.0,1,17,28,1.0,9.4,1.6,1.0,18.854166666666668,7.166666666666667,4.458333333333333
Justin Champagnie,29,WAS,2,BRK,5.8,1.2,3.4,5.0,0.0,2.0,1,29,2,2.0,8.8,2.8,0.8,7.78125,4.5,0.9375
Justin Edwards,22,PHI,8,DET,10.8,2.6,3.8,8.0,3.0,4.0,1,22,8,2.0,5.6,3.2,1.8,0.0,0.0,0.0
Justin Minaya,24,POR,21,ORL,0.0,0.4,0.6,0.0,1.0,0.0,1,24,21,5.0,8.6,4.2,1.4,0.0,0.5,0.3333333333333333
Jusuf Nurkić,23,PHO,4,CHO,6.0,3.8,7.2,5.0,1.0,7.0,1,23,4,1.0,9.0,4.2,1.4,8.6,9.16,1.88
KJ Martin,22,PHI,26,SAS,6.0,0.2,3.6,7.0,1.0,7.0,1,22,26,2.0,10.6,3.6,2.2,6.416666666666667,3.0,0.7916666666666666
KJ Simpson,4,CHO,26,SAS,9.6,3.8,2.8,15.0,3.0,0.0,1,4,26,2.0,10.4,3.8,2.0,6.2105263157894735,2.263157894736842,2.263157894736842
Kai Jones,12,LAC,29,WAS,3.2,0.2,1.2,2.0,0.0,0.0,1,12,29,3.0,10.6,4.4,1.2,4.0,2.0,0.0
Karl-Anthony Towns,19,NYK,27,TOR,17.8,2.6,10.2,22.0,2.0,9.0,1,19,27,1.0,16.8,8.4,3.6,27.0,13.0,2.0
Karlo Matković,18,NOP,7,DEN,2.8,1.4,4.0,5.0,4.0,11.0,1,18,7,2.0,10.2,7.8,2.8,5.0,11.0,4.0
Kawhi Leonard,12,LAC,11,IND,18.0,3.2,6.4,11.0,2.0,6.0,1,12,11,2.0,15.2,6.0,0.4,16.153846153846153,4.538461538461538,2.5384615384615383
Keaton Wallace,0,ATL,16,MIL,4.0,1.8,0.6,5.0,0.0,0.0,1,0,16,2.0,19.6,7.4,3.2,5.75,1.4583333333333333,2.2916666666666665
Keegan Murray,25,SAC,24,POR,12.8,0.8,5.8,5.0,1.0,6.0,1,25,24,1.0,3.0,4.4,1.0,3.0,6.0,0.0
Keion Brooks Jr.,18,NOP,7,DEN,13.4,0.8,6.6,0.0,0.0,0.0,1,18,7,3.0,14.0,10.8,3.2,0.0,0.0,0.0
Kel'el Ware,15,MIA,2,BRK,9.4,1.4,10.2,0.0,1.0,13.0,1,15,2,2.0,13.8,5.2,0.6,7.0,6.0,0.0
Keldon Johnson,26,SAS,4,CHO,12.4,1.4,3.0,3.0,0.0,2.0,1,26,4,2.0,14.2,8.4,1.8,11.847826086956522,4.586956521739131,1.3695652173913044
Kelly Olynyk,27,TOR,14,MEM,10.6,3.0,4.2,11.0,3.0,9.0,1,27,14,1.0,11.4,4.8,2.2,14.0,5.0,5.0
Kelly Oubre,22,PHI,28,UTA,12.8,1.8,6.6,4.0,2.0,8.0,1,22,28,3.0,11.4,5.6,2.0,12.689655172413794,5.689655172413793,1.5172413793103448
Kelly Oubre Jr.,22,PHI,8,DET,16.8,2.6,8.6,15.0,0.0,11.0,1,22,8,2.0,9.4,5.8,1.8,16.842105263157894,7.842105263157895,2.4210526315789473
Kenrich Williams,20,OKC,27,TOR,6.6,1.6,4.2,5.0,1.0,3.0,1,20,27,2.0,17.6,6.4,2.0,13.0,7.0,1.0
Kentavious Caldwell-Pope,21,ORL,7,DEN,6.8,0.6,2.6,8.0,1.0,2.0,1,21,7,1.0,14.6,4.6,2.6,12.0,1.0,4.0
Keon Ellis,25,SAC,24,POR,9.0,1.8,2.6,12.0,3.0,3.0,1,25,24,1.0,5.2,2.8,0.4,6.0,4.0,1.0
Keon Johnson,2,BRK,15,MIA,17.6,3.4,5.2,25.0,3.0,6.0,1,2,15,2.0,13.4,3.6,2.4,22.0,1.0,4.0
Keshad Johnson,15,MIA,16,MIL,1.4,0.4,1.2,0.0,1.0,1.0,1,15,16,4.0,9.0,3.8,0.6,1.6,1.7,0.3
Kessler Edwards,6,DAL,1,BOS,3.0,1.2,4.4,0.0,0.0,4.0,1,6,1,2.0,4.6,2.8,0.6,0.0,4.0,0.0
Kevin Durant,23,PHO,24,POR,25.4,4.6,3.6,22.0,3.0,1.0,1,23,24,2.0,12.6,3.6,2.6,22.0,1.0,3.0
Kevin Huerter,25,SAC,20,OKC,2.4,0.6,0.6,5.0,1.0,0.0,1,25,20,3.0,3.2,1.8,1.2,0.0,1.0,0.0
Kevin Love,15,MIA,22,PHI,3.6,0.4,2.8,0.0,0.0,0.0,1,15,22,9.0,13.6,4.4,2.6,3.0,7.0,1.0
Kevin Porter,12,LAC,14,MEM,14.6,3.8,3.8,19.0,3.0,2.0,1,12,14,2.0,11.6,5.0,2.8,10.037037037037036,3.6666666666666665,3.0
Kevin Porter Jr.,12,LAC,13,LAL,8.2,2.6,5.2,17.0,5.0,7.0,1,12,13,2.0,8.6,2.2,2.6,8.0,0.0,3.0
Kevon Looney,9,GSW,13,LAL,6.8,2.8,8.6,6.0,3.0,10.0,1,9,13,1.0,5.0,1.8,2.2,0.0,2.0,0.0
Keyonte George,28,UTA,23,PHO,17.8,6.0,4.4,26.0,6.0,3.0,1,28,23,2.0,7.6,4.8,3.2,18.0,6.0,9.0
Khris Middleton,16,MIL,14,MEM,11.2,3.0,3.4,21.0,2.0,4.0,1,16,14,2.0,8.2,4.4,4.2,12.608695652173912,3.6956521739130435,4.434782608695652
Klay Thompson,6,DAL,1,BOS,14.0,2.6,4.2,12.0,1.0,5.0,1,6,1,2.0,10.8,6.0,2.6,6.0,3.0,0.0
Kobe Brown,12,LAC,13,LAL,0.8,0.0,0.4,0.0,0.0,0.0,1,12,13,2.0,9.8,2.0,2.8,2.65,2.25,0.7
Kobe Bufkin,0,ATL,7,DEN,6.4,2.2,1.8,2.0,2.0,1.0,1,0,7,4.0,9.8,4.2,2.0,5.3,2.1,1.7
Kris Dunn,12,LAC,11,IND,2.2,2.2,2.8,2.0,4.0,5.0,1,12,11,2.0,11.0,5.0,4.8,5.818181818181818,3.340909090909091,2.772727272727273
Kris Murray,24,POR,25,SAC,0.4,0.0,1.0,0.0,0.0,1.0,1,24,25,2.0,3.8,3.4,1.2,2.0,3.0,1.0
Kristaps Porziņģis,1,BOS,6,DAL,20.8,3.2,7.6,19.0,2.0,7.0,1,1,6,2.0,5.4,2.4,2.0,18.0,4.0,5.0
Kyle Anderson,9,GSW,23,PHO,6.6,2.6,3.8,2.0,3.0,3.0,1,9,23,2.0,3.6,3.6,1.2,2.0,2.0,1.0
Kyle Filipowski,28,UTA,23,PHO,5.2,2.0,3.0,4.0,0.0,3.0,1,28,23,2.0,7.0,2.8,1.2,4.0,2.0,1.0
Kyle Kuzma,16,MIL,0,ATL,18.4,1.4,6.2,22.0,2.0,4.0,1,16,0,4.0,12.0,6.2,2.6,24.0,9.0,1.0
Kyle Lowry,22,PHI,8,DET,5.0,3.8,3.0,3.0,4.0,2.0,1,22,8,2.0,14.8,6.2,2.0,3.0,3.0,2.0
Kylor Kelley,6,DAL,22,PHI,4.5,0.25,4.5,12.0,1.0,11.0,1,6,22,2.0,10.2,3.8,1.8,4.5,4.5,0.25
Kyrie Irving,6,DAL,1,BOS,24.4,4.6,6.6,34.0,4.0,9.0,1,6,1,2.0,13.2,3.0,2.4,22.0,4.0,5.0
Kyshawn George,29,WAS,5,CLE,10.0,1.8,4.4,17.0,3.0,7.0,1,29,5,2.0,2.8,4.8,2.4,0.0,6.0,2.0
LaMelo Ball,4,CHO,26,SAS,20.6,6.4,4.2,7.0,1.0,0.0,1,4,26,11.0,13.0,4.2,3.8,28.03125,5.21875,7.375
Landry Shamet,19,NYK,10,HOU,3.0,0.4,0.8,0.0,0.0,0.0,1,19,10,2.0,18.0,5.2,5.4,2.736842105263158,0.7894736842105263,0.42105263157894735
Larry Nance,0,ATL,15,MIA,12.4,2.4,6.4,12.0,1.0,1.0,1,0,15,2.0,19.0,6.4,5.0,9.533333333333333,4.266666666666667,1.6
Larry Nance Jr.,0,ATL,16,MIL,4.6,1.4,5.0,1.0,1.0,3.0,1,0,16,2.0,17.4,4.0,3.8,5.428571428571429,4.285714285714286,1.7142857142857142
Lauri Markkanen,28,UTA,23,PHO,14.6,0.8,7.0,16.0,1.0,7.0,1,28,23,4.0,23.4,5.6,5.4,24.0,4.0,2.0
LeBron James,13,LAL,9,GSW,27.2,9.8,7.4,26.0,9.0,8.0,1,13,9,2.0,19.2,5.2,5.8,25.0,5.0,12.0
Leonard Miller,17,MIN,3,CHI,1.6,0.0,1.6,6.0,0.0,3.0,1,17,3,6.0,12.0,1.8,2.8,1.6666666666666667,1.5,0.0
Lester Quiñones,22,PHI,8,DET,2.25,0.25,1.0,6.0,0.0,1.0,1,22,8,6.0,20.0,8.8,5.4,2.25,1.0,0.25
Liam Robbins,16,MIL,27,TOR,0.8,0.2,1.0,3.0,0.0,1.0,1,16,27,2.0,11.8,4.8,5.8,1.0,2.0,1.0
Lindy Waters,9,GSW,23,PHO,4.6,1.8,3.4,0.0,1.0,1.0,1,9,23,1.0,14.6,5.4,5.6,3.0,3.0,1.0
Lindy Waters III,9,GSW,23,PHO,2.4,1.0,1.2,0.0,0.0,1.0,1,9,23,6.0,11.2,4.8,5.6,5.5,2.4285714285714284,0.7142857142857143
Lonzo Ball,3,CHI,15,MIA,10.8,2.6,3.6,13.0,2.0,4.0,1,3,15,2.0,19.0,4.2,4.2,7.166666666666667,3.433333333333333,3.466666666666667
Luguentz Dort,20,OKC,23,PHO,9.4,1.8,4.8,12.0,0.0,2.0,1,20,23,2.0,7.8,5.0,2.8,15.0,9.0,2.0
Luka Dončić,6,DAL,17,MIN,27.8,9.2,10.4,27.0,7.0,7.0,1,6,17,2.0,10.8,5.2,3.4,24.0,8.0,8.0
Luka Garza,17,MIN,10,HOU,5.4,0.2,1.6,4.0,0.0,1.0,1,17,10,1.0,13.0,4.4,2.4,3.4,1.3,0.1
Luke Kennard,14,MEM,27,TOR,8.6,4.6,1.6,2.0,3.0,1.0,1,14,27,2.0,12.8,5.6,6.4,15.0,0.0,8.0
Luke Kornet,1,BOS,6,DAL,7.4,1.4,3.2,4.0,3.0,3.0,1,1,6,2.0,7.8,4.8,2.6,2.0,10.0,5.0
Luke Travers,5,CLE,15,MIA,1.6,1.0,1.2,0.0,0.0,0.0,1,5,15,14.0,10.6,3.4,2.8,1.3333333333333333,1.0,0.8333333333333334
Mac McClung,21,ORL,14,MEM,0.8,0.6,0.8,0.0,0.0,0.0,1,21,14,3.0,9.8,4.2,2.4,0.0,1.0,2.0
Malaki Branham,26,SAS,14,MEM,1.2,0.0,0.4,3.0,0.0,2.0,1,26,14,3.0,8.0,3.4,1.2,0.0,0.0,0.0
Malcolm Brogdon,29,WAS,2,BRK,10.2,5.0,3.8,16.0,7.0,4.0,1,29,2,2.0,11.0,4.0,3.4,13.095238095238095,3.9523809523809526,3.9523809523809526
Malevy Leons,20,OKC,23,PHO,0.4,0.2,0.4,0.0,0.0,0.0,1,20,23,2.0,19.4,5.2,3.2,0.3333333333333333,0.5,0.16666666666666666
Malik Beasley,8,DET,22,PHI,13.6,2.0,2.2,2.0,1.0,0.0,1,8,22,2.0,10.0,4.8,2.6,19.0,6.0,4.0
Malik Monk,25,SAC,24,POR,18.4,6.4,4.6,10.0,3.0,0.0,1,25,24,1.0,9.4,2.2,2.4,29.0,3.0,9.0
MarJon Beauchamp,16,MIL,4,CHO,1.8,1.2,2.0,6.0,4.0,6.0,1,16,4,2.0,12.0,3.2,4.4,1.9259259259259258,1.1851851851851851,0.2962962962962963
Marcus Sasser,8,DET,22,PHI,4.0,3.2,1.8,0.0,4.0,1.0,1,8,22,2.0,17.8,2.0,3.8,12.0,0.0,4.0
Marcus Smart,14,MEM,27,TOR,7.4,2.2,1.8,9.0,2.0,0.0,1,14,27,46.0,4.4,1.4,0.8,8.68421052631579,2.263157894736842,3.736842105263158
Mark Williams,4,CHO,16,MIL,21.4,3.6,11.0,23.0,2.0,14.0,1,4,16,2.0,9.2,3.6,1.6,15.565217391304348,9.608695652173912,2.4782608695652173
Markieff Morris,6,DAL,29,WAS,2.0,0.4,1.0,0.0,1.0,1.0,1,6,29,4.0,14.2,6.8,1.8,3.0,1.0,0.0
Marvin Bagley,29,WAS,20,OKC,8.8,0.6,4.6,2.0,0.0,6.0,1,29,20,8.0,7.4,4.2,2.8,4.894736842105263,2.9473684210526314,0.3684210526315789
Mason Jones,25,SAC,21,ORL,2.8,1.8,1.6,5.0,2.0,3.0,1,25,21,4.0,5.2,0.6,1.2,2.8,1.6,1.8
Mason Plumlee,23,PHO,28,UTA,4.2,2.2,6.6,0.0,2.0,5.0,1,23,28,2.0,10.4,10.0,1.6,6.0,10.0,0.0
Matas Buzelis,3,CHI,17,MIN,13.8,0.6,4.0,24.0,0.0,2.0,1,3,17,1.0,7.8,4.6,2.0,2.0,3.0,0.0
Matt Ryan,19,NYK,13,LAL,2.0,0.2,0.8,0.0,1.0,1.0,1,19,13,5.0,4.8,6.2,2.0,1.4705882352941178,0.4117647058823529,0.058823529411764705
Max Christie,6,DAL,1,BOS,11.2,2.6,4.4,15.0,3.0,9.0,1,6,1,2.0,5.8,2.8,1.0,6.0,4.0,2.0
Max Strus,5,CLE,29,WAS,9.0,3.2,4.6,15.0,2.0,6.0,1,5,29,2.0,5.2,2.4,0.8,8.5,4.333333333333333,2.9583333333333335
Maxi Kleber,6,DAL,1,BOS,4.0,2.4,1.8,3.0,4.0,3.0,1,6,1,2.0,8.8,4.2,1.8,3.0294117647058822,2.7941176470588234,1.2647058823529411
Maxwell Lewis,2,BRK,27,TOR,0.8,0.4,0.4,0.0,0.0,0.0,1,2,27,24.0,4.4,1.6,0.8,0.0,0.0,0.0
Micah Potter,28,UTA,23,PHO,5.0,0.4,3.8,3.0,0.0,4.0,1,28,23,2.0,6.6,2.2,1.4,5.0,1.0,0.0
Michael Porter,7,DEN,8,DET,17.6,2.6,4.8,18.0,3.0,4.0,1,7,8,1.0,8.8,4.0,0.8,18.633333333333333,6.6,2.7
Michael Porter Jr.,7,DEN,21,ORL,24.6,2.0,7.6,39.0,4.0,12.0,1,7,21,1.0,5.2,2.0,0.2,15.0,6.0,0.0
Mikal Bridges,19,NYK,27,TOR,21.2,4.4,3.6,22.0,4.0,3.0,1,19,27,1.0,15.8,5.0,3.0,10.0,3.0,3.0
Mike Conley,17,MIN,10,HOU,7.8,6.6,3.0,8.0,9.0,5.0,1,17,10,1.0,10.6,2.6,1.4,3.0,2.0,2.0
Miles Bridges,4,CHO,26,SAS,22.6,5.0,10.0,15.0,6.0,6.0,1,4,26,2.0,17.6,4.2,4.0,19.6,7.714285714285714,3.8
Miles McBride,19,NYK,27,TOR,9.8,2.2,2.2,7.0,1.0,1.0,1,19,27,1.0,10.8,3.0,4.0,12.0,4.0,5.0
Mo Bamba,12,LAC,23,PHO,7.0,0.4,5.0,13.0,1.0,6.0,1,12,23,4.0,13.4,3.8,4.4,5.583333333333333,5.0,0.4166666666666667
Mohamed Bamba,12,LAC,9,GSW,2.4,0.6,3.8,0.0,0.0,1.0,1,12,9,4.0,6.4,2.0,3.0,3.0,2.0,0.0
Monte Morris,23,PHO,28,UTA,2.8,0.8,0.4,3.0,1.0,0.0,1,23,28,6.0,4.0,3.4,1.0,2.0,0.0,0.0
Moritz Wagner,21,ORL,15,MIA,15.4,1.8,4.8,10.0,2.0,0.0,1,21,15,2.0,10.0,5.8,1.8,7.0,6.0,2.0
Moses Brown,11,IND,2,BRK,1.6,0.0,0.8,0.0,0.0,0.0,1,11,2,1.0,9.4,5.0,1.2,3.2222222222222223,1.4444444444444444,0.0
Moses Moody,9,GSW,13,LAL,12.8,1.2,3.0,17.0,0.0,1.0,1,9,13,3.0,7.4,1.8,2.0,10.0,2.0,2.0
Mouhamed Gueye,0,ATL,16,MIL,5.0,0.4,3.0,8.0,1.0,2.0,1,0,16,8.0,9.6,3.0,2.2,6.666666666666667,4.5,0.3333333333333333
Moussa Diabaté,4,CHO,26,SAS,10.2,1.4,9.8,10.0,2.0,13.0,1,4,26,2.0,8.6,2.6,2.0,4.690476190476191,7.119047619047619,0.8809523809523809
Myles Turner,11,IND,12,LAC,15.2,1.8,4.0,9.0,1.0,2.0,1,11,12,2.0,8.0,4.4,0.4,15.08695652173913,6.565217391304348,1.5217391304347827
Naji Marshall,6,DAL,1,BOS,10.2,2.8,3.6,19.0,5.0,4.0,1,6,1,2.0,5.8,4.8,1.0,11.179487179487179,3.5384615384615383,2.5641025641025643
Naz Reid,17,MIN,10,HOU,17.4,3.0,5.0,22.0,6.0,10.0,1,17,10,1.0,12.2,5.0,1.2,14.0,2.0,1.0
Neemias Queta,1,BOS,6,DAL,4.8,1.2,2.0,0.0,1.0,0.0,1,1,6,8.0,14.4,6.0,1.0,5.15,3.7,0.675
Nic Claxton,2,BRK,15,MIA,10.8,1.8,6.0,5.0,2.0,6.0,1,2,15,2.0,11.6,6.0,1.4,13.0,5.0,2.0
Nick Richards,23,PHO,28,UTA,6.0,0.8,8.8,6.0,0.0,6.0,1,23,28,2.0,11.6,4.8,2.6,9.0,8.5,1.09375
Nick Smith,4,CHO,10,HOU,4.4,1.4,1.6,0.0,1.0,2.0,1,4,10,15.0,9.4,5.2,1.2,3.142857142857143,0.7857142857142857,0.7142857142857143
Nick Smith Jr.,4,CHO,26,SAS,15.2,1.8,2.8,23.0,2.0,2.0,1,4,26,2.0,8.4,5.8,2.2,11.823529411764707,3.0,2.5294117647058822
Nickeil Alexander-Walker,17,MIN,10,HOU,13.2,3.2,3.4,12.0,3.0,5.0,1,17,10,1.0,8.0,3.6,1.8,11.0,4.0,5.0
Nicolas Batum,12,LAC,11,IND,5.2,1.0,3.0,3.0,1.0,2.0,1,12,11,2.0,5.8,6.2,1.4,3.36734693877551,2.836734693877551,1.3265306122448979
Nikola Jokić,7,DEN,21,ORL,27.6,11.2,10.0,38.0,10.0,8.0,1,7,21,1.0,5.4,5.0,2.8,20.0,14.0,10.0
Nikola Jović,15,MIA,2,BRK,16.6,4.0,4.8,23.0,7.0,5.0,1,15,2,2.0,19.8,8.6,8.0,17.0,6.0,4.0
Nikola Vučević,3,CHI,17,MIN,15.8,4.6,11.0,12.0,2.0,11.0,1,3,17,1.0,17.8,5.4,5.4,25.0,5.0,2.0
Noah Clowney,2,BRK,25,SAC,10.0,0.4,4.8,13.0,0.0,4.0,1,2,25,2.0,17.4,7.0,4.0,18.0,2.0,0.0
Norman Powell,12,LAC,11,IND,26.0,2.0,4.8,20.0,3.0,2.0,1,12,11,2.0,11.8,5.0,2.2,23.928571428571427,3.5952380952380953,2.238095238095238
OG Anunoby,19,NYK,13,LAL,19.8,2.8,5.0,23.0,1.0,4.0,1,19,13,3.0,19.8,5.6,4.2,16.367346938775512,4.714285714285714,2.020408163265306
Obi Toppin,11,IND,12,LAC,7.8,0.4,4.0,0.0,0.0,2.0,1,11,12,2.0,13.4,7.4,4.0,9.851063829787234,4.0,1.5106382978723405
Ochai Agbaji,27,TOR,20,OKC,9.8,1.4,3.2,14.0,2.0,3.0,1,27,20,2.0,8.0,1.8,1.8,5.0,0.0,2.0
Olivier-Maxence Prosper,6,DAL,1,BOS,8.0,1.6,4.2,2.0,0.0,4.0,1,6,1,2.0,7.6,4.2,1.6,0.0,1.0,0.0
Onyeka Okongwu,0,ATL,16,MIL,15.0,2.8,8.8,30.0,5.0,12.0,1,0,16,2.0,7.0,4.4,1.0,8.0,3.0,0.0
Orlando Robinson,27,TOR,20,OKC,4.4,0.6,2.6,1.0,0.0,0.0,1,27,20,2.0,9.8,3.6,0.6,3.0,2.235294117647059,0.9411764705882353
Oscar Tshiebwe,28,UTA,18,NOP,4.666666666666667,0.0,6.666666666666667,3.0,0.0,5.0,1,28,18,5.0,4.2,2.4,0.8,4.666666666666667,6.666666666666667,0.0
Oso Ighodaro,23,PHO,20,OKC,0.8,0.8,0.4,2.0,0.0,0.0,1,23,20,4.0,9.4,4.0,1.4,6.0,7.0,2.0
Ousmane Dieng,20,OKC,23,PHO,5.2,2.0,3.0,21.0,5.0,8.0,1,20,23,2.0,7.8,6.6,1.6,7.0,5.0,1.0
P.J. Washington,6,DAL,8,DET,22.6,3.8,11.4,25.0,8.0,14.0,1,6,8,2.0,6.8,5.4,1.8,14.428571428571429,8.357142857142858,2.3333333333333335
PJ Dozier,17,MIN,0,ATL,0.6,1.0,0.8,0.0,0.0,0.0,1,17,0,8.0,5.6,5.4,1.4,0.7777777777777778,0.5555555555555556,0.5555555555555556
PJ Hall,7,DEN,21,ORL,1.4,0.4,1.6,0.0,0.0,1.0,1,7,21,1.0,4.8,4.2,2.0,1.0,1.0,0.0
Pacome Dadiet,19,NYK,17,MIN,0.0,0.2,0.2,0.0,0.0,0.0,1,19,17,29.0,11.2,4.8,1.4,0.0,0.0,0.0
Paolo Banchero,21,ORL,7,DEN,17.6,5.4,4.6,23.0,9.0,0.0,1,21,7,1.0,9.0,6.8,2.4,10.0,7.0,5.0
Pascal Siakam,11,IND,12,LAC,23.6,3.4,7.6,16.0,1.0,6.0,1,11,12,2.0,6.4,3.4,0.8,20.7,7.38,3.42
Pat Connaughton,16,MIL,4,CHO,5.2,1.0,2.0,8.0,1.0,3.0,1,16,4,2.0,11.8,6.2,1.8,10.0,7.0,2.0
Pat Spencer,9,GSW,13,LAL,5.6,1.8,2.0,7.0,4.0,4.0,1,9,13,1.0,6.2,3.2,0.8,3.15,1.5,1.55
Patrick Baldwin,29,WAS,20,OKC,1.4,0.0,1.0,0.0,0.0,0.0,1,29,20,8.0,11.6,7.2,2.2,2.076923076923077,0.9230769230769231,0.07692307692307693
Patrick Baldwin Jr.,29,WAS,13,LAL,1.8,0.2,1.4,0.0,1.0,3.0,1,29,13,1.0,8.8,3.6,0.8,2.2222222222222223,1.1111111111111112,0.1111111111111111
Patrick Williams,3,CHI,17,MIN,11.8,2.4,6.8,10.0,4.0,7.0,1,3,17,1.0,2.8,0.2,0.6,12.0,0.0,1.0
Patty Mills,12,LAC,13,LAL,4.0,0.8,1.8,0.0,0.0,2.0,1,12,13,7.0,8.0,3.0,0.2,4.111111111111111,1.1666666666666667,1.2222222222222223
Paul George,22,PHI,8,DET,17.0,4.2,3.0,9.0,2.0,1.0,1,22,8,2.0,6.4,3.4,1.6,11.0,8.0,5.0
Paul Reed,8,DET,22,PHI,3.0,0.8,3.4,7.0,1.0,6.0,1,8,22,2.0,7.8,4.4,2.4,7.0,4.0,1.0
Payton Pritchard,1,BOS,6,DAL,8.6,3.4,4.4,9.0,3.0,6.0,1,1,6,2.0,4.6,4.8,1.8,6.0,9.0,4.0
Pelle Larsson,15,MIA,2,BRK,2.0,0.6,0.8,5.0,1.0,2.0,1,15,2,2.0,9.4,2.2,1.8,0.0,0.0,0.0
Pete Nance,22,PHI,25,SAC,2.4,0.6,1.8,0.0,0.0,1.0,1,22,25,1.0,11.8,3.2,2.2,2.142857142857143,1.4285714285714286,0.42857142857142855
Peyton Watson,7,DEN,22,PHI,3.8,1.6,3.2,4.0,0.0,1.0,1,7,22,2.0,3.6,2.0,1.6,3.0,1.0,1.0
Precious Achiuwa,19,NYK,27,TOR,9.6,0.8,7.0,7.0,0.0,9.0,1,19,27,1.0,8.0,4.4,1.2,6.0,4.0,1.0
Quentin Grimes,22,PHI,8,DET,11.4,2.2,3.0,11.0,3.0,3.0,1,22,8,5.0,2.6,3.6,1.8,0.0,0.0,0.0
Quenton Jackson,11,IND,3,CHI,2.0,0.6,0.4,0.0,0.0,0.0,1,11,3,10.0,6.4,4.4,2.8,5.666666666666667,1.5,1.7222222222222223
Quincy Olivari,13,LAL,26,SAS,1.5,0.5,0.0,3.0,0.0,0.0,1,13,26,36.0,4.4,4.8,1.8,1.5,0.0,0.5
Quinten Post,9,GSW,13,LAL,7.2,2.0,5.4,10.0,3.0,7.0,1,9,13,1.0,11.4,6.4,2.8,8.0,2.0,3.0
RJ Barrett,27,TOR,12,LAC,17.0,3.8,6.4,19.0,3.0,9.0,1,27,12,2.0,10.6,4.4,1.8,13.0,6.0,3.0
RayJ Dennis,11,IND,8,DET,0.4,0.2,0.6,0.0,1.0,2.0,1,11,8,4.0,14.6,3.8,3.2,0.8333333333333334,0.5,0.16666666666666666
Rayan Rupert,24,POR,11,IND,0.6,0.4,0.2,0.0,0.0,0.0,1,24,11,3.0,14.8,4.0,2.0,0.0,1.0,0.0
Reece Beekman,2,BRK,29,WAS,2.2,2.6,1.2,2.0,4.0,2.0,1,2,29,1.0,7.8,4.0,2.8,2.25,0.75,1.55
Reed Sheppard,10,HOU,17,MIN,5.0,0.8,2.4,16.0,0.0,7.0,1,10,17,2.0,1.0,0.8,0.4,0.0,0.0,0.0
Reggie Jackson,22,PHI,15,MIA,3.8,1.4,2.0,2.0,1.0,0.0,1,22,15,1.0,15.0,4.8,4.4,4.387096774193548,1.3548387096774193,1.4516129032258065
Richaun Holmes,29,WAS,5,CLE,5.8,2.2,5.6,9.0,3.0,5.0,1,29,5,2.0,11.4,3.6,3.0,6.0,3.0,0.0
Ricky Council,22,PHI,28,UTA,10.2,0.6,3.4,11.0,0.0,5.0,1,22,28,7.0,6.8,3.8,2.0,5.454545454545454,2.0454545454545454,0.7272727272727273
Ricky Council IV,22,PHI,8,DET,8.4,2.4,2.4,0.0,0.0,0.0,1,22,8,2.0,5.4,2.0,1.6,7.904761904761905,2.761904761904762,1.5714285714285714
Riley Minix,26,SAS,10,HOU,6.4,2.6,2.2,0.0,0.0,0.0,1,26,10,3.0,2.8,2.6,1.2,0.0,2.0,0.0
Rob Dillingham,17,MIN,10,HOU,8.2,5.0,1.6,3.0,3.0,3.0,1,17,10,1.0,4.8,3.6,1.8,12.0,5.0,7.0
Robert Williams,24,POR,11,IND,3.8,1.0,7.4,1.0,0.0,10.0,1,24,11,9.0,10.2,4.0,1.6,5.666666666666667,6.0,1.1111111111111112
Ron Holland,8,DET,22,PHI,6.6,1.0,1.8,9.0,1.0,1.0,1,8,22,2.0,2.2,3.6,0.6,2.0,3.0,1.0
Royce O'Neale,23,PHO,28,UTA,9.4,2.4,3.8,18.0,1.0,5.0,1,23,28,2.0,10.4,2.4,3.0,17.0,4.0,5.0
Rudy Gobert,17,MIN,10,HOU,13.0,2.8,11.6,10.0,1.0,15.0,1,17,10,1.0,4.6,6.2,1.4,7.0,9.0,0.0
Rui Hachimura,13,LAL,9,GSW,17.2,1.4,4.4,20.0,2.0,6.0,1,13,9,2.0,12.8,9.2,1.2,18.0,4.0,1.0
Russell Westbrook,7,DEN,22,PHI,14.0,5.0,7.0,14.0,4.0,14.0,1,7,22,2.0,10.2,3.8,2.6,11.0,7.0,9.0
Ryan Dunn,23,PHO,28,UTA,2.6,1.0,3.8,2.0,0.0,5.0,1,23,28,2.0,11.4,4.0,3.4,10.0,5.0,2.0
Ryan Rollins,16,MIL,0,ATL,7.0,1.6,0.8,6.0,4.0,2.0,1,16,0,2.0,9.4,2.2,4.4,2.0,0.0,0.0
Sam Hauser,1,BOS,6,DAL,7.2,0.4,2.8,3.0,0.0,3.0,1,1,6,2.0,10.8,4.6,2.6,6.0,1.0,1.0
Sam Merrill,5,CLE,8,DET,10.8,1.4,2.4,12.0,1.0,2.0,1,5,8,1.0,8.0,3.2,0.6,8.0,4.0,0.0
Sandro Mamukelashvili,26,SAS,14,MEM,5.2,1.0,2.6,10.0,0.0,2.0,1,26,14,2.0,4.0,2.2,1.0,4.0,1.0,0.0
Santi Aldama,14,MEM,27,TOR,11.2,1.4,5.6,6.0,1.0,6.0,1,14,27,2.0,3.8,2.6,0.8,4.0,3.0,0.0
Scoot Henderson,24,POR,25,SAC,15.6,6.6,4.4,17.0,5.0,8.0,1,24,25,2.0,11.4,4.8,1.4,18.0,4.0,5.0
Scottie Barnes,27,TOR,20,OKC,18.6,5.6,5.2,11.0,9.0,2.0,1,27,20,2.0,11.2,4.8,4.4,12.0,12.0,8.0
Scotty Pippen ,14,MEM,20,OKC,14.2,4.6,3.0,13.0,4.0,6.0,1,14,20,2.0,15.0,5.6,5.2,10.848484848484848,3.484848484848485,5.0606060606060606
Scotty Pippen Jr.,14,MEM,27,TOR,7.0,5.2,3.8,11.0,5.0,1.0,1,14,27,2.0,6.0,2.6,1.6,7.388888888888889,3.2222222222222223,3.6666666666666665
Seth Curry,4,CHO,26,SAS,5.2,1.2,1.4,3.0,1.0,2.0,1,4,26,2.0,7.4,2.4,4.2,5.595238095238095,1.4523809523809523,0.6428571428571429
Shaedon Sharpe,24,POR,25,SAC,16.4,1.6,2.6,17.0,1.0,4.0,1,24,25,2.0,11.4,2.4,5.2,14.0,4.0,5.0
Shai Gilgeous-Alexander,20,OKC,27,TOR,40.0,5.0,5.0,50.0,5.0,8.0,1,20,27,2.0,14.0,3.4,2.2,30.0,4.0,5.0
Shake Milton,13,LAL,9,GSW,5.4,2.2,1.6,4.0,3.0,2.0,1,13,9,2.0,27.2,5.0,3.4,13.0,3.0,3.0
Sidy Cissoko,26,SAS,16,MIL,2.2,0.2,0.4,1.0,0.0,1.0,1,26,16,6.0,16.2,2.0,1.8,1.2941176470588236,0.5882352941176471,0.35294117647058826
Simone Fontecchio,8,DET,22,PHI,5.6,0.6,2.2,3.0,0.0,1.0,1,8,22,2.0,10.6,3.8,2.8,7.0,11.0,2.0
Spencer Dinwiddie,6,DAL,1,BOS,7.2,5.8,2.0,7.0,7.0,1.0,1,6,1,2.0,7.0,1.6,1.2,12.0,3.0,2.0
Spencer Jones,7,DEN,21,ORL,1.0,0.0,0.4,3.0,0.0,0.0,1,7,21,1.0,6.4,1.8,1.4,0.625,0.5,0.0
Stanley Umude,16,MIL,26,SAS,0.8,0.0,0.0,2.0,0.0,0.0,1,16,26,3.0,9.6,1.6,3.8,0.0,1.0,0.0
Stephen Curry,9,GSW,13,LAL,20.8,5.6,1.4,32.0,7.0,1.0,1,9,13,1.0,16.6,2.4,4.8,13.0,1.0,9.0
Stephon Castle,26,SAS,4,CHO,16.4,4.0,5.0,11.0,3.0,2.0,1,26,4,2.0,5.8,3.0,1.8,12.625,2.8333333333333335,3.625
Steven Adams,10,HOU,2,BRK,9.6,1.2,7.6,8.0,1.0,13.0,1,10,2,1.0,13.8,5.2,2.2,11.0,7.0,0.0
Svi Mykhailiuk,28,UTA,23,PHO,11.2,1.2,3.4,10.0,4.0,5.0,1,28,23,2.0,17.6,4.2,4.6,13.0,4.0,7.0
T.J. McConnell,11,IND,12,LAC,9.2,4.8,3.6,14.0,4.0,4.0,1,11,12,2.0,10.0,3.0,1.0,9.83673469387755,2.63265306122449,4.510204081632653
Taj Gibson,4,CHO,26,SAS,2.0,0.8,4.6,4.0,0.0,7.0,1,4,26,7.0,7.6,3.4,2.8,2.4761904761904763,3.4285714285714284,0.5238095238095238
Talen Horton-Tucker,3,CHI,1,BOS,4.8,1.2,1.0,0.0,1.0,1.0,1,3,1,2.0,6.6,3.0,0.6,3.0,3.0,1.0
Tari Eason,10,HOU,17,MIN,9.4,0.8,7.2,12.0,1.0,6.0,1,10,17,3.0,3.6,2.6,0.8,0.0,3.0,0.0
Taurean Prince,16,MIL,0,ATL,9.8,2.0,3.6,11.0,0.0,2.0,1,16,0,2.0,3.6,1.6,2.8,6.0,3.0,0.0
Taylor Hendricks,28,UTA,6,DAL,4.666666666666667,0.6666666666666666,5.0,0.0,0.0,7.0,1,28,6,3.0,7.8,2.8,2.2,4.666666666666667,5.0,0.6666666666666666
Taze Moore,24,POR,14,MEM,3.0,0.5,4.0,4.0,1.0,4.0,1,24,14,3.0,11.2,6.2,1.6,3.0,4.0,0.5
Terance Mann,12,LAC,13,LAL,3.8,0.4,2.8,7.0,0.0,6.0,1,12,13,2.0,12.6,4.2,2.8,6.027027027027027,2.891891891891892,1.5945945945945945
Terrence Shannon,17,MIN,0,ATL,1.8,0.6,0.4,2.0,1.0,1.0,1,17,0,4.0,7.4,2.2,1.0,1.5,0.2,0.5
Terrence Shannon Jr. ,17,MIN,10,HOU,2.5,0.5,0.0,0.0,0.0,0.0,1,17,10,1.0,6.8,4.0,1.4,2.5,0.0,0.5
Terry Rozier,15,MIA,2,BRK,15.4,3.2,4.0,20.0,2.0,5.0,1,15,2,2.0,7.6,3.8,1.2,16.0,8.0,2.0
Thomas Bryant,11,IND,12,LAC,7.6,1.6,3.2,5.0,2.0,3.0,1,11,12,2.0,12.0,5.8,2.0,6.294117647058823,3.764705882352941,0.8823529411764706
Tidjane Salaün,4,CHO,26,SAS,3.4,0.8,2.4,10.0,1.0,4.0,1,4,26,2.0,12.0,3.4,2.0,4.777777777777778,3.888888888888889,0.8888888888888888
Tidjane Salaün ,4,CHO,20,OKC,3.4,1.8,4.2,6.0,0.0,4.0,1,4,20,2.0,6.0,3.4,1.2,4.962962962962963,4.185185185185185,1.1111111111111112
Tim Hardaway,8,DET,7,DEN,12.2,1.8,1.8,6.0,3.0,4.0,1,8,7,2.0,9.2,3.0,2.0,10.0,2.0,1.5517241379310345
Tim Hardaway Jr.,8,DET,22,PHI,10.2,1.6,2.6,20.0,1.0,3.0,1,8,22,2.0,6.8,4.0,1.8,12.157894736842104,2.6842105263157894,1.631578947368421
Tobias Harris,8,DET,22,PHI,16.4,1.6,4.6,8.0,1.0,2.0,1,8,22,2.0,8.8,5.2,1.8,4.0,7.0,2.0
Torrey Craig,3,CHI,4,CHO,7.8,0.4,3.2,6.0,0.0,3.0,1,3,4,2.0,15.4,5.6,1.6,6.888888888888889,2.7777777777777777,0.5555555555555556
Tosan Evbuomwan,2,BRK,15,MIA,13.0,2.4,4.6,15.0,1.0,5.0,1,2,15,2.0,11.2,4.2,1.8,2.0,1.0,1.0
Toumani Camara,24,POR,25,SAC,12.6,1.8,7.6,13.0,2.0,7.0,1,24,25,2.0,7.6,4.2,2.4,11.0,4.0,2.0
Trae Young,0,ATL,16,MIL,27.2,11.4,1.8,32.0,12.0,2.0,1,0,16,2.0,16.2,6.2,4.6,35.0,7.0,10.0
Trayce Jackson-Davis,9,GSW,13,LAL,5.0,1.4,3.8,2.0,0.0,1.0,1,9,13,6.0,19.4,4.6,7.4,4.0,6.0,1.0
Tre Jones,26,SAS,15,MIA,8.0,3.8,1.6,9.0,7.0,0.0,1,26,15,1.0,9.2,4.6,4.4,5.0,2.0,3.0
Tre Mann,4,CHO,8,DET,10.6,2.4,2.4,19.0,6.0,3.0,1,4,8,2.0,20.0,3.4,7.2,4.0,3.0,2.0
Trendon Watford,2,BRK,15,MIA,5.4,1.0,2.4,4.0,2.0,3.0,1,2,15,3.0,10.4,3.4,5.2,8.176470588235293,3.0588235294117645,1.3529411764705883
Trentyn Flowers,12,LAC,3,CHI,4.5,0.0,2.0,9.0,0.0,4.0,1,12,3,47.0,14.0,3.0,6.4,4.5,2.0,0.0
Trevelin Queen,21,ORL,7,DEN,1.6,0.4,1.2,0.0,0.0,1.0,1,21,7,1.0,11.2,3.2,4.2,8.0,1.0,2.0
Trey Alexander,7,DEN,21,ORL,0.6,0.6,0.6,0.0,0.0,0.0,1,7,21,1.0,9.8,3.8,1.4,0.875,0.25,0.375
Trey Jemison,13,LAL,12,LAC,1.6,0.6,3.8,0.0,0.0,2.0,1,13,12,3.0,6.8,3.6,2.0,2.142857142857143,2.9047619047619047,0.5238095238095238
Trey Lyles,25,SAC,24,POR,4.2,1.0,4.2,8.0,0.0,0.0,1,25,24,1.0,2.4,1.2,1.8,3.0,0.0,0.0
Trey Murphy,18,NOP,14,MEM,22.4,2.4,4.8,21.0,2.0,3.0,1,18,14,1.0,7.4,3.0,0.4,21.0,9.0,0.0
Trey Murphy III,18,NOP,7,DEN,28.6,3.8,5.0,41.0,3.0,3.0,1,18,7,2.0,19.4,6.2,2.2,41.0,3.0,3.0
Tristan Da Silva,21,ORL,7,DEN,7.8,2.0,3.0,11.0,3.0,2.0,1,21,7,1.0,23.2,5.6,4.0,12.0,4.0,2.0
Tristan Thompson,5,CLE,29,WAS,0.4,0.6,3.0,0.0,3.0,9.0,1,5,29,5.0,7.8,3.8,1.0,0.0,3.0,0.0
Tristan Vukcevic,29,WAS,5,CLE,6.8,1.0,2.6,12.0,1.0,6.0,1,29,5,2.0,8.8,5.6,1.8,3.909090909090909,1.6363636363636365,0.8181818181818182
Tristen Newton,17,MIN,29,WAS,0.6,0.2,0.0,0.0,0.0,0.0,1,17,29,40.0,3.4,2.6,0.8,0.5,0.16666666666666666,0.16666666666666666
Ty Jerome,5,CLE,29,WAS,14.0,4.6,3.2,13.0,5.0,4.0,1,5,29,2.0,3.2,1.6,1.0,2.0,0.0,1.0
TyTy Washington,23,PHO,19,NYK,2.6666666666666665,1.3333333333333333,0.3333333333333333,0.0,1.0,0.0,1,23,19,5.0,6.0,2.2,1.2,2.6666666666666665,0.3333333333333333,1.3333333333333333
TyTy Washington Jr.,23,PHO,11,IND,0.0,0.0,0.0,0.0,0.0,0.0,1,23,11,3.0,10.4,4.2,2.4,0.0,0.0,0.0
Tyler Herro,15,MIA,2,BRK,23.2,8.4,6.4,30.0,7.0,7.0,1,15,2,2.0,10.2,3.4,5.6,25.0,1.0,8.0
Tyler Kolek,19,NYK,13,LAL,1.0,1.2,0.4,3.0,3.0,0.0,1,19,13,5.0,18.6,4.0,2.8,1.8928571428571428,0.5357142857142857,0.7857142857142857
Tyler Smith,16,MIL,4,CHO,4.4,0.6,2.2,12.0,3.0,7.0,1,16,4,2.0,12.4,4.0,3.0,2.75,1.1875,0.25
Tyrese Haliburton,11,IND,12,LAC,18.6,6.6,3.8,0.0,6.0,2.0,1,11,12,2.0,12.4,3.8,2.8,17.775510204081634,3.5918367346938775,8.53061224489796
Tyrese Martin,2,BRK,15,MIA,6.6,1.4,4.6,8.0,2.0,2.0,1,2,15,2.0,17.2,4.2,7.8,5.0,6.0,1.0
Tyrese Maxey,22,PHI,8,DET,34.0,8.2,3.2,31.0,5.0,3.0,1,22,8,2.0,20.4,5.0,5.0,28.0,4.0,6.0
Tyus Jones,23,PHO,28,UTA,6.0,3.4,0.6,10.0,3.0,0.0,1,23,28,2.0,14.0,3.0,6.6,0.0,3.0,6.0
Ulrich Chomche,27,TOR,21,ORL,0.8,0.2,0.8,0.0,0.0,0.0,1,27,21,20.0,20.0,2.6,5.4,0.8333333333333334,1.0,0.3333333333333333
Vasilije Micić,4,CHO,29,WAS,11.4,4.0,3.2,0.0,2.0,3.0,1,4,29,2.0,12.8,2.4,4.6,6.0,0.0,1.0
Victor Wembanyama,26,SAS,4,CHO,24.8,2.8,12.0,24.0,2.0,12.0,1,26,4,2.0,18.2,2.8,5.4,24.41860465116279,10.906976744186046,3.627906976744186
Vince Williams,14,MEM,7,DEN,5.333333333333333,3.0,3.6666666666666665,3.0,5.0,1.0,1,14,7,2.0,15.0,9.6,3.6,3.0,1.0,5.0
Vince Williams Jr.,14,MEM,27,TOR,4.0,2.0,4.0,0.0,0.0,0.0,1,14,27,3.0,15.8,3.4,3.6,4.0,4.0,2.0
Vit Krejci,0,ATL,16,MIL,8.4,1.2,3.0,5.0,2.0,5.0,1,0,16,2.0,15.4,6.2,1.8,0.0,0.0,0.0
Vlatko Čančar,7,DEN,14,MEM,2.25,0.0,2.0,2.0,0.0,1.0,1,7,14,2.0,13.6,7.0,2.6,2.0,1.0,0.0
Walker Kessler,28,UTA,23,PHO,9.0,1.2,12.8,15.0,2.0,18.0,1,28,23,2.0,15.0,7.8,4.4,16.0,13.0,0.0
Wendell Carter,21,ORL,2,BRK,6.6,2.2,6.0,2.0,1.0,3.0,1,21,2,2.0,8.4,6.6,2.6,14.0,7.0,1.0
Wendell Carter Jr.,21,ORL,7,DEN,9.2,3.4,7.2,8.0,3.0,8.0,1,21,7,1.0,15.2,11.6,3.8,16.0,13.0,5.0
Wendell Moore,8,DET,7,DEN,4.4,1.0,2.8,0.0,2.0,1.0,1,8,7,16.0,16.2,11.2,2.8,4.461538461538462,3.230769230769231,1.3846153846153846
Wendell Moore Jr.,8,DET,6,DAL,1.0,0.4,0.4,0.0,1.0,0.0,1,8,6,2.0,10.6,6.8,1.6,0.7142857142857143,0.2857142857142857,0.7142857142857143
Xavier Tillman,1,BOS,11,IND,1.0,0.0,0.8,5.0,0.0,1.0,1,1,11,2.0,5.0,5.2,0.6,5.0,1.0,0.0
Xavier Tillman Sr.,1,BOS,10,HOU,0.4,0.2,0.4,0.0,0.0,1.0,1,1,10,7.0,14.2,7.6,1.6,0.0,0.0,0.0
Yongxi Cui,2,BRK,3,CHI,0.6,0.0,0.4,0.0,0.0,0.0,1,2,3,1.0,8.2,6.2,2.4,0.6,0.4,0.0
Yuki Kawamura,14,MEM,27,TOR,2.0,1.2,1.0,0.0,1.0,1.0,1,14,27,2.0,5.2,5.2,1.2,1.263157894736842,0.3684210526315789,0.7368421052631579
Yves Missi,18,NOP,7,DEN,5.2,0.8,7.8,8.0,3.0,6.0,1,18,7,2.0,8.2,6.4,1.6,8.0,6.0,3.0
Zaccharie Risacher,0,ATL,16,MIL,16.2,1.6,3.4,6.0,0.0,1.0,1,0,16,2.0,3.0,1.0,0.0,2.0,0.0,0.0
Zach Collins,26,SAS,15,MIA,2.0,0.8,1.0,3.0,1.0,0.0,1,26,15,1.0,6.4,4.0,2.0,2.0,3.0,2.0
Zach Edey,14,MEM,27,TOR,12.6,1.2,9.0,16.0,1.0,14.0,1,14,27,2.0,9.2,6.6,1.2,21.0,16.0,2.0
Zach LaVine,25,SAC,24,POR,23.6,3.4,3.6,13.0,3.0,1.0,1,25,24,1.0,13.2,4.6,3.2,27.0,4.0,5.0
Zeke Nnaji,7,DEN,21,ORL,4.8,0.0,3.2,4.0,0.0,5.0,1,7,21,1.0,7.8,3.6,3.2,0.0,1.0,0.0
Ziaire Williams,2,BRK,15,MIA,10.2,1.0,4.6,4.0,0.0,3.0,1,2,15,2.0,1.0,2.2,0.8,1.0,5.0,1.0
Zion Williamson,18,NOP,7,DEN,25.2,4.4,8.8,14.0,5.0,6.0,1,18,7,2.0,14.0,4.8,4.0,14.0,6.0,5.0
Zyon Pullin,14,MEM,26,SAS,26.0,4.0,7.2,0.0,0.0,0.0,1,14,26,3.0,14.4,8.4,3.8,0.0,0.0,0.0
